ref_vel_x (m/s),ref_vel_y (m/s),ref_vel_z (m/s)
0.000000000000000000e+00,0.000000000000000000e+00,0.000000000000000000e+00
9.999999999999998473e-03,0.000000000000000000e+00,0.000000000000000000e+00
2.899999999999999453e-02,0.000000000000000000e+00,0.000000000000000000e+00
5.609999999999998321e-02,0.000000000000000000e+00,0.000000000000000000e+00
9.048999999999997323e-02,0.000000000000000000e+00,0.000000000000000000e+00
1.314409999999999745e-01,0.000000000000000000e+00,0.000000000000000000e+00
1.782968999999999804e-01,0.000000000000000000e+00,0.000000000000000000e+00
2.304672099999999779e-01,0.000000000000000000e+00,0.000000000000000000e+00
2.874204889999999457e-01,0.000000000000000000e+00,0.000000000000000000e+00
3.486784400999999312e-01,0.000000000000000000e+00,0.000000000000000000e+00
4.138105960899999269e-01,0.000000000000000000e+00,0.000000000000000000e+00
4.824295364809999542e-01,0.000000000000000000e+00,0.000000000000000000e+00
5.541865828329000099e-01,0.000000000000000000e+00,0.000000000000000000e+00
6.287679245496100577e-01,0.000000000000000000e+00,0.000000000000000000e+00
7.058911320946490431e-01,0.000000000000000000e+00,0.000000000000000000e+00
7.853020188851841388e-01,0.000000000000000000e+00,0.000000000000000000e+00
8.667718169966657227e-01,0.000000000000000000e+00,0.000000000000000000e+00
9.500946352969991127e-01,0.000000000000000000e+00,0.000000000000000000e+00
1.035085171767299084e+00,0.000000000000000000e+00,0.000000000000000000e+00
1.121576654590569211e+00,0.000000000000000000e+00,0.000000000000000000e+00
1.209418989131512134e+00,0.000000000000000000e+00,0.000000000000000000e+00
1.298477090218360885e+00,0.000000000000000000e+00,0.000000000000000000e+00
1.388629381196524681e+00,0.000000000000000000e+00,0.000000000000000000e+00
1.479766443076872218e+00,0.000000000000000000e+00,0.000000000000000000e+00
1.571789798769184898e+00,0.000000000000000000e+00,0.000000000000000000e+00
1.664610818892266364e+00,0.000000000000000000e+00,0.000000000000000000e+00
1.758149737003039670e+00,0.000000000000000000e+00,0.000000000000000000e+00
1.852334763302735610e+00,0.000000000000000000e+00,0.000000000000000000e+00
1.947101286972461986e+00,0.000000000000000000e+00,0.000000000000000000e+00
2.042391158275215890e+00,0.000000000000000000e+00,0.000000000000000000e+00
2.138152042447694079e+00,0.000000000000000000e+00,0.000000000000000000e+00
2.234336838202924724e+00,0.000000000000000000e+00,0.000000000000000000e+00
2.330903154382632181e+00,0.000000000000000000e+00,0.000000000000000000e+00
2.427812838944368945e+00,0.000000000000000000e+00,0.000000000000000000e+00
2.525031555049932042e+00,0.000000000000000000e+00,0.000000000000000000e+00
2.622528399544938882e+00,0.000000000000000000e+00,0.000000000000000000e+00
2.720275559590445091e+00,0.000000000000000000e+00,0.000000000000000000e+00
2.818248003631400600e+00,0.000000000000000000e+00,0.000000000000000000e+00
2.916423203268260433e+00,0.000000000000000000e+00,0.000000000000000000e+00
3.014780882941434204e+00,0.000000000000000000e+00,0.000000000000000000e+00
3.113302794647290650e+00,0.000000000000000000e+00,0.000000000000000000e+00
3.211972515182561771e+00,0.000000000000000000e+00,0.000000000000000000e+00
3.310775263664305523e+00,0.000000000000000000e+00,0.000000000000000000e+00
3.409697737297875175e+00,0.000000000000000000e+00,0.000000000000000000e+00
3.508727963568087471e+00,0.000000000000000000e+00,0.000000000000000000e+00
3.607855167211278857e+00,0.000000000000000000e+00,0.000000000000000000e+00
3.707069650490150803e+00,0.000000000000000000e+00,0.000000000000000000e+00
3.806362685441135874e+00,0.000000000000000000e+00,0.000000000000000000e+00
3.905726416897022268e+00,0.000000000000000000e+00,0.000000000000000000e+00
4.005153775207319633e+00,0.000000000000000000e+00,0.000000000000000000e+00
4.104638397686587226e+00,0.000000000000000000e+00,0.000000000000000000e+00
4.204174557917928823e+00,0.000000000000000000e+00,0.000000000000000000e+00
4.303757102126136047e+00,0.000000000000000000e+00,0.000000000000000000e+00
4.403381391913522513e+00,0.000000000000000000e+00,0.000000000000000000e+00
4.503043252722170209e+00,0.000000000000000000e+00,0.000000000000000000e+00
4.602738927449952833e+00,0.000000000000000000e+00,0.000000000000000000e+00
4.702465034704957247e+00,0.000000000000000000e+00,0.000000000000000000e+00
4.802218531234461629e+00,0.000000000000000000e+00,0.000000000000000000e+00
4.901996678111015804e+00,0.000000000000000000e+00,0.000000000000000000e+00
5.001797010299914525e+00,0.000000000000000000e+00,0.000000000000000000e+00
5.101617309269923517e+00,0.000000000000000000e+00,0.000000000000000000e+00
5.201455578342931041e+00,0.000000000000000000e+00,0.000000000000000000e+00
5.301310020508638310e+00,0.000000000000000000e+00,0.000000000000000000e+00
5.401179018457774816e+00,0.000000000000000000e+00,0.000000000000000000e+00
5.501061116611997370e+00,0.000000000000000000e+00,0.000000000000000000e+00
5.600955004950797900e+00,0.000000000000000000e+00,0.000000000000000000e+00
5.700859504455718429e+00,0.000000000000000000e+00,0.000000000000000000e+00
5.800773554010146604e+00,0.000000000000000000e+00,0.000000000000000000e+00
5.900696198609131748e+00,0.000000000000000000e+00,0.000000000000000000e+00
6.000626578748218698e+00,0.000000000000000000e+00,0.000000000000000000e+00
6.100563920873397272e+00,0.000000000000000000e+00,0.000000000000000000e+00
6.200507528786057598e+00,0.000000000000000000e+00,0.000000000000000000e+00
6.300456775907451679e+00,0.000000000000000000e+00,0.000000000000000000e+00
6.400411098316706848e+00,0.000000000000000000e+00,0.000000000000000000e+00
6.500369988485036110e+00,0.000000000000000000e+00,0.000000000000000000e+00
6.600332989636532588e+00,0.000000000000000000e+00,0.000000000000000000e+00
6.700299690672879116e+00,0.000000000000000000e+00,0.000000000000000000e+00
6.800269721605591400e+00,0.000000000000000000e+00,0.000000000000000000e+00
6.900242749445032686e+00,0.000000000000000000e+00,0.000000000000000000e+00
7.000218474500529808e+00,0.000000000000000000e+00,0.000000000000000000e+00
7.100196627050476827e+00,0.000000000000000000e+00,0.000000000000000000e+00
7.200176964345429198e+00,0.000000000000000000e+00,0.000000000000000000e+00
7.300159267910886207e+00,0.000000000000000000e+00,0.000000000000000000e+00
7.400143341119798102e+00,0.000000000000000000e+00,0.000000000000000000e+00
7.500129007007818593e+00,0.000000000000000000e+00,0.000000000000000000e+00
7.600116106307036823e+00,0.000000000000000000e+00,0.000000000000000000e+00
7.700104495676333372e+00,0.000000000000000000e+00,0.000000000000000000e+00
7.800094046108700496e+00,0.000000000000000000e+00,0.000000000000000000e+00
7.900084641497830518e+00,0.000000000000000000e+00,0.000000000000000000e+00
8.000076177348047324e+00,0.000000000000000000e+00,0.000000000000000000e+00
8.100068559613243124e+00,0.000000000000000000e+00,0.000000000000000000e+00
8.200061703651918776e+00,0.000000000000000000e+00,0.000000000000000000e+00
8.300055533286727183e+00,0.000000000000000000e+00,0.000000000000000000e+00
8.400049979958055246e+00,0.000000000000000000e+00,0.000000000000000000e+00
8.500044981962249224e+00,0.000000000000000000e+00,0.000000000000000000e+00
8.600040483766024479e+00,0.000000000000000000e+00,0.000000000000000000e+00
8.700036435389423062e+00,0.000000000000000000e+00,0.000000000000000000e+00
8.800032791850480152e+00,0.000000000000000000e+00,0.000000000000000000e+00
8.900029512665431852e+00,0.000000000000000000e+00,0.000000000000000000e+00
9.000026561398888347e+00,0.000000000000000000e+00,0.000000000000000000e+00
9.100023905259000401e+00,0.000000000000000000e+00,0.000000000000000000e+00
9.200021514733100148e+00,0.000000000000000000e+00,0.000000000000000000e+00
9.300019363259790950e+00,0.000000000000000000e+00,0.000000000000000000e+00
9.400017426933812814e+00,0.000000000000000000e+00,0.000000000000000000e+00
9.500015684240432634e+00,0.000000000000000000e+00,0.000000000000000000e+00
9.600014115816389193e+00,0.000000000000000000e+00,0.000000000000000000e+00
9.700012704234751482e+00,0.000000000000000000e+00,0.000000000000000000e+00
9.800011433811276262e+00,0.000000000000000000e+00,0.000000000000000000e+00
9.900010290430149240e+00,0.000000000000000000e+00,0.000000000000000000e+00
1.000000926138713453e+01,0.000000000000000000e+00,0.000000000000000000e+00
1.010000833524842179e+01,0.000000000000000000e+00,0.000000000000000000e+00
1.020000750172357940e+01,0.000000000000000000e+00,0.000000000000000000e+00
1.030000675155122103e+01,0.000000000000000000e+00,0.000000000000000000e+00
1.040000607639609953e+01,0.000000000000000000e+00,0.000000000000000000e+00
1.050000546875648944e+01,0.000000000000000000e+00,0.000000000000000000e+00
1.060000492188084031e+01,0.000000000000000000e+00,0.000000000000000000e+00
1.070000442969275589e+01,0.000000000000000000e+00,0.000000000000000000e+00
1.080000398672348005e+01,0.000000000000000000e+00,0.000000000000000000e+00
1.090000358805113301e+01,0.000000000000000000e+00,0.000000000000000000e+00
1.100000322924602081e+01,0.000000000000000000e+00,0.000000000000000000e+00
1.110000290632141962e+01,0.000000000000000000e+00,0.000000000000000000e+00
1.120000261568927868e+01,0.000000000000000000e+00,0.000000000000000000e+00
1.130000235412035181e+01,0.000000000000000000e+00,0.000000000000000000e+00
1.140000211870831670e+01,0.000000000000000000e+00,0.000000000000000000e+00
1.150000190683748613e+01,0.000000000000000000e+00,0.000000000000000000e+00
1.160000171615373787e+01,0.000000000000000000e+00,0.000000000000000000e+00
1.170000154453836494e+01,0.000000000000000000e+00,0.000000000000000000e+00
1.180000139008452820e+01,0.000000000000000000e+00,0.000000000000000000e+00
1.190000125107607509e+01,0.000000000000000000e+00,0.000000000000000000e+00
1.200000112596846868e+01,0.000000000000000000e+00,0.000000000000000000e+00
1.210000101337162270e+01,0.000000000000000000e+00,0.000000000000000000e+00
1.220000091203446146e+01,0.000000000000000000e+00,0.000000000000000000e+00
1.230000082083101631e+01,0.000000000000000000e+00,0.000000000000000000e+00
1.240000073874791475e+01,0.000000000000000000e+00,0.000000000000000000e+00
1.250000066487312367e+01,0.000000000000000000e+00,0.000000000000000000e+00
1.260000059838581166e+01,0.000000000000000000e+00,0.000000000000000000e+00
1.270000053854723099e+01,0.000000000000000000e+00,0.000000000000000000e+00
1.280000048469250906e+01,0.000000000000000000e+00,0.000000000000000000e+00
1.290000043622325876e+01,0.000000000000000000e+00,0.000000000000000000e+00
1.300000039260093310e+01,0.000000000000000000e+00,0.000000000000000000e+00
1.310000035334084068e+01,0.000000000000000000e+00,0.000000000000000000e+00
1.320000031800675799e+01,0.000000000000000000e+00,0.000000000000000000e+00
1.330000028620608354e+01,0.000000000000000000e+00,0.000000000000000000e+00
1.340000025758547508e+01,0.000000000000000000e+00,0.000000000000000000e+00
1.350000023182692743e+01,0.000000000000000000e+00,0.000000000000000000e+00
1.360000020864423576e+01,0.000000000000000000e+00,0.000000000000000000e+00
1.370000018777981232e+01,0.000000000000000000e+00,0.000000000000000000e+00
1.380000016900183191e+01,0.000000000000000000e+00,0.000000000000000000e+00
1.390000015210164896e+01,0.000000000000000000e+00,0.000000000000000000e+00
1.400000013689148481e+01,0.000000000000000000e+00,0.000000000000000000e+00
1.410000012320233687e+01,0.000000000000000000e+00,0.000000000000000000e+00
1.420000011088210456e+01,0.000000000000000000e+00,0.000000000000000000e+00
1.430000009979389475e+01,0.000000000000000000e+00,0.000000000000000000e+00
1.440000008981450641e+01,0.000000000000000000e+00,0.000000000000000000e+00
1.450000008083305580e+01,0.000000000000000000e+00,0.000000000000000000e+00
1.460000007274975076e+01,0.000000000000000000e+00,0.000000000000000000e+00
1.470000006547477689e+01,0.000000000000000000e+00,0.000000000000000000e+00
1.480000005892729931e+01,0.000000000000000000e+00,0.000000000000000000e+00
1.490000005303457087e+01,0.000000000000000000e+00,0.000000000000000000e+00
1.500000004773111506e+01,0.000000000000000000e+00,0.000000000000000000e+00
1.510000004295800480e+01,0.000000000000000000e+00,0.000000000000000000e+00
1.520000003866220517e+01,0.000000000000000000e+00,0.000000000000000000e+00
1.530000003479598547e+01,0.000000000000000000e+00,0.000000000000000000e+00
1.540000003131638806e+01,0.000000000000000000e+00,0.000000000000000000e+00
1.550000002818475053e+01,0.000000000000000000e+00,0.000000000000000000e+00
1.560000002536627584e+01,0.000000000000000000e+00,0.000000000000000000e+00
1.570000002282964857e+01,0.000000000000000000e+00,0.000000000000000000e+00
1.580000002054668506e+01,0.000000000000000000e+00,0.000000000000000000e+00
1.590000001849201716e+01,0.000000000000000000e+00,0.000000000000000000e+00
1.600000001664281513e+01,0.000000000000000000e+00,0.000000000000000000e+00
1.610000001497853361e+01,0.000000000000000000e+00,0.000000000000000000e+00
1.620000001348068253e+01,0.000000000000000000e+00,0.000000000000000000e+00
1.630000001213261385e+01,0.000000000000000000e+00,0.000000000000000000e+00
1.640000001091935289e+01,0.000000000000000000e+00,0.000000000000000000e+00
1.650000000982741710e+01,0.000000000000000000e+00,0.000000000000000000e+00
1.660000000884467752e+01,0.000000000000000000e+00,0.000000000000000000e+00
1.670000000796020956e+01,0.000000000000000000e+00,0.000000000000000000e+00
1.680000000716418995e+01,0.000000000000000000e+00,0.000000000000000000e+00
1.690000000644777245e+01,0.000000000000000000e+00,0.000000000000000000e+00
1.700000000580299542e+01,0.000000000000000000e+00,0.000000000000000000e+00
1.710000000522269659e+01,0.000000000000000000e+00,0.000000000000000000e+00
1.720000000470042778e+01,0.000000000000000000e+00,0.000000000000000000e+00
1.730000000423038742e+01,0.000000000000000000e+00,0.000000000000000000e+00
1.740000000380734946e+01,0.000000000000000000e+00,0.000000000000000000e+00
1.750000000342661366e+01,0.000000000000000000e+00,0.000000000000000000e+00
1.760000000308395229e+01,0.000000000000000000e+00,0.000000000000000000e+00
1.770000000277555685e+01,0.000000000000000000e+00,0.000000000000000000e+00
1.780000000249800252e+01,0.000000000000000000e+00,0.000000000000000000e+00
1.790000000224820198e+01,0.000000000000000000e+00,0.000000000000000000e+00
1.800000000202338413e+01,0.000000000000000000e+00,0.000000000000000000e+00
1.810000000182104785e+01,0.000000000000000000e+00,0.000000000000000000e+00
1.820000000163894427e+01,0.000000000000000000e+00,0.000000000000000000e+00
1.830000000147505190e+01,0.000000000000000000e+00,0.000000000000000000e+00
1.840000000132754820e+01,0.000000000000000000e+00,0.000000000000000000e+00
1.850000000119479537e+01,0.000000000000000000e+00,0.000000000000000000e+00
1.860000000107531548e+01,0.000000000000000000e+00,0.000000000000000000e+00
1.870000000096778336e+01,0.000000000000000000e+00,0.000000000000000000e+00
1.880000000087100531e+01,0.000000000000000000e+00,0.000000000000000000e+00
1.890000000078390485e+01,0.000000000000000000e+00,0.000000000000000000e+00
1.900000000070551565e+01,0.000000000000000000e+00,0.000000000000000000e+00
1.910000000063496373e+01,0.000000000000000000e+00,0.000000000000000000e+00
1.920000000057146750e+01,0.000000000000000000e+00,0.000000000000000000e+00
1.930000000051431996e+01,0.000000000000000000e+00,0.000000000000000000e+00
1.940000000046288875e+01,0.000000000000000000e+00,0.000000000000000000e+00
1.950000000041660186e+01,0.000000000000000000e+00,0.000000000000000000e+00
1.960000000037494061e+01,0.000000000000000000e+00,0.000000000000000000e+00
1.970000000033744669e+01,0.000000000000000000e+00,0.000000000000000000e+00
1.980000000030370089e+01,0.000000000000000000e+00,0.000000000000000000e+00
1.990000000027333016e+01,0.000000000000000000e+00,0.000000000000000000e+00
2.000000000024599700e+01,0.000000000000000000e+00,0.000000000000000000e+00
2.010000000022139588e+01,0.000000000000000000e+00,0.000000000000000000e+00
2.020000000019925679e+01,0.000000000000000000e+00,0.000000000000000000e+00
2.030000000017933104e+01,0.000000000000000000e+00,0.000000000000000000e+00
2.040000000016139836e+01,0.000000000000000000e+00,0.000000000000000000e+00
2.050000000014525980e+01,0.000000000000000000e+00,0.000000000000000000e+00
2.060000000013073418e+01,0.000000000000000000e+00,0.000000000000000000e+00
2.070000000011766161e+01,0.000000000000000000e+00,0.000000000000000000e+00
2.080000000010589645e+01,0.000000000000000000e+00,0.000000000000000000e+00
2.090000000009530723e+01,0.000000000000000000e+00,0.000000000000000000e+00
2.100000000008577672e+01,0.000000000000000000e+00,0.000000000000000000e+00
2.110000000007719834e+01,0.000000000000000000e+00,0.000000000000000000e+00
2.120000000006947971e+01,0.000000000000000000e+00,0.000000000000000000e+00
2.130000000006253202e+01,0.000000000000000000e+00,0.000000000000000000e+00
2.140000000005628067e+01,0.000000000000000000e+00,0.000000000000000000e+00
2.150000000005065459e+01,0.000000000000000000e+00,0.000000000000000000e+00
2.160000000004558984e+01,0.000000000000000000e+00,0.000000000000000000e+00
2.170000000004103313e+01,0.000000000000000000e+00,0.000000000000000000e+00
2.180000000003693117e+01,0.000000000000000000e+00,0.000000000000000000e+00
2.190000000003323777e+01,0.000000000000000000e+00,0.000000000000000000e+00
2.200000000002991385e+01,0.000000000000000000e+00,0.000000000000000000e+00
2.210000000002692389e+01,0.000000000000000000e+00,0.000000000000000000e+00
2.220000000002423235e+01,0.000000000000000000e+00,0.000000000000000000e+00
2.230000000002181082e+01,0.000000000000000000e+00,0.000000000000000000e+00
2.240000000001963087e+01,0.000000000000000000e+00,0.000000000000000000e+00
2.250000000001766765e+01,0.000000000000000000e+00,0.000000000000000000e+00
2.260000000001590337e+01,0.000000000000000000e+00,0.000000000000000000e+00
2.270000000001431317e+01,0.000000000000000000e+00,0.000000000000000000e+00
2.280000000001288285e+01,0.000000000000000000e+00,0.000000000000000000e+00
2.290000000001159464e+01,0.000000000000000000e+00,0.000000000000000000e+00
2.300000000001043432e+01,0.000000000000000000e+00,0.000000000000000000e+00
2.310000000000939124e+01,0.000000000000000000e+00,0.000000000000000000e+00
2.320000000000845120e+01,0.000000000000000000e+00,0.000000000000000000e+00
2.330000000000760707e+01,0.000000000000000000e+00,0.000000000000000000e+00
2.340000000000684821e+01,0.000000000000000000e+00,0.000000000000000000e+00
2.350000000000616396e+01,0.000000000000000000e+00,0.000000000000000000e+00
2.360000000000554721e+01,0.000000000000000000e+00,0.000000000000000000e+00
2.370000000000499440e+01,0.000000000000000000e+00,0.000000000000000000e+00
2.380000000000449489e+01,0.000000000000000000e+00,0.000000000000000000e+00
2.390000000000404512e+01,0.000000000000000000e+00,0.000000000000000000e+00
2.400000000000364153e+01,0.000000000000000000e+00,0.000000000000000000e+00
2.410000000000327702e+01,0.000000000000000000e+00,0.000000000000000000e+00
2.420000000000294804e+01,0.000000000000000000e+00,0.000000000000000000e+00
2.430000000000265459e+01,0.000000000000000000e+00,0.000000000000000000e+00
2.440000000000238956e+01,0.000000000000000000e+00,0.000000000000000000e+00
2.450000000000214939e+01,0.000000000000000000e+00,0.000000000000000000e+00
2.460000000000193410e+01,0.000000000000000000e+00,0.000000000000000000e+00
2.470000000000174012e+01,0.000000000000000000e+00,0.000000000000000000e+00
2.480000000000156746e+01,0.000000000000000000e+00,0.000000000000000000e+00
2.490000000000141256e+01,0.000000000000000000e+00,0.000000000000000000e+00
2.500000000000127187e+01,0.000000000000000000e+00,0.000000000000000000e+00
2.510000000000114539e+01,0.000000000000000000e+00,0.000000000000000000e+00
2.520000000000102958e+01,0.000000000000000000e+00,0.000000000000000000e+00
2.530000000000092797e+01,0.000000000000000000e+00,0.000000000000000000e+00
2.540000000000083702e+01,0.000000000000000000e+00,0.000000000000000000e+00
2.550000000000075318e+01,0.000000000000000000e+00,0.000000000000000000e+00
2.560000000000067999e+01,0.000000000000000000e+00,0.000000000000000000e+00
2.570000000000061391e+01,0.000000000000000000e+00,0.000000000000000000e+00
2.580000000000055493e+01,0.000000000000000000e+00,0.000000000000000000e+00
2.590000000000049951e+01,0.000000000000000000e+00,0.000000000000000000e+00
2.600000000000045119e+01,0.000000000000000000e+00,0.000000000000000000e+00
2.610000000000040643e+01,0.000000000000000000e+00,0.000000000000000000e+00
2.620000000000036522e+01,0.000000000000000000e+00,0.000000000000000000e+00
2.630000000000033111e+01,0.000000000000000000e+00,0.000000000000000000e+00
2.640000000000030056e+01,0.000000000000000000e+00,0.000000000000000000e+00
2.650000000000027001e+01,0.000000000000000000e+00,0.000000000000000000e+00
2.660000000000024301e+01,0.000000000000000000e+00,0.000000000000000000e+00
2.670000000000021956e+01,0.000000000000000000e+00,0.000000000000000000e+00
2.680000000000019966e+01,0.000000000000000000e+00,0.000000000000000000e+00
2.690000000000017977e+01,0.000000000000000000e+00,0.000000000000000000e+00
2.700000000000016342e+01,0.000000000000000000e+00,0.000000000000000000e+00
2.710000000000014708e+01,0.000000000000000000e+00,0.000000000000000000e+00
2.720000000000013429e+01,0.000000000000000000e+00,0.000000000000000000e+00
2.730000000000012150e+01,0.000000000000000000e+00,0.000000000000000000e+00
2.740000000000010871e+01,0.000000000000000000e+00,0.000000000000000000e+00
2.750000000000009948e+01,0.000000000000000000e+00,0.000000000000000000e+00
2.760000000000009024e+01,0.000000000000000000e+00,0.000000000000000000e+00
2.770000000000008100e+01,0.000000000000000000e+00,0.000000000000000000e+00
2.780000000000007532e+01,0.000000000000000000e+00,0.000000000000000000e+00
2.790000000000006963e+01,0.000000000000000000e+00,0.000000000000000000e+00
2.800000000000006395e+01,0.000000000000000000e+00,0.000000000000000000e+00
2.810000000000005826e+01,0.000000000000000000e+00,0.000000000000000000e+00
2.820000000000005258e+01,0.000000000000000000e+00,0.000000000000000000e+00
2.830000000000004690e+01,0.000000000000000000e+00,0.000000000000000000e+00
2.840000000000004121e+01,0.000000000000000000e+00,0.000000000000000000e+00
2.850000000000003908e+01,0.000000000000000000e+00,0.000000000000000000e+00
2.860000000000003695e+01,0.000000000000000000e+00,0.000000000000000000e+00
2.870000000000003482e+01,0.000000000000000000e+00,0.000000000000000000e+00
2.880000000000003268e+01,0.000000000000000000e+00,0.000000000000000000e+00
2.890000000000003055e+01,0.000000000000000000e+00,0.000000000000000000e+00
2.900000000000002842e+01,0.000000000000000000e+00,0.000000000000000000e+00
2.910000000000002629e+01,0.000000000000000000e+00,0.000000000000000000e+00
2.920000000000002416e+01,0.000000000000000000e+00,0.000000000000000000e+00
2.930000000000002203e+01,0.000000000000000000e+00,0.000000000000000000e+00
2.940000000000001990e+01,0.000000000000000000e+00,0.000000000000000000e+00
2.950000000000001776e+01,0.000000000000000000e+00,0.000000000000000000e+00
2.960000000000001563e+01,0.000000000000000000e+00,0.000000000000000000e+00
2.970000000000001350e+01,0.000000000000000000e+00,0.000000000000000000e+00
2.980000000000001137e+01,0.000000000000000000e+00,0.000000000000000000e+00
2.990000000000000924e+01,0.000000000000000000e+00,0.000000000000000000e+00
3.000000000000000711e+01,0.000000000000000000e+00,0.000000000000000000e+00
3.010000000000000497e+01,0.000000000000000000e+00,0.000000000000000000e+00
3.020000000000000284e+01,0.000000000000000000e+00,0.000000000000000000e+00
3.030000000000000071e+01,0.000000000000000000e+00,0.000000000000000000e+00
3.039999999999999858e+01,0.000000000000000000e+00,0.000000000000000000e+00
3.049999999999999645e+01,0.000000000000000000e+00,0.000000000000000000e+00
3.059999999999999432e+01,0.000000000000000000e+00,0.000000000000000000e+00
3.069999999999999574e+01,0.000000000000000000e+00,0.000000000000000000e+00
3.079999999999999716e+01,0.000000000000000000e+00,0.000000000000000000e+00
3.089999999999999858e+01,0.000000000000000000e+00,0.000000000000000000e+00
3.100000000000000000e+01,0.000000000000000000e+00,0.000000000000000000e+00
3.110000000000000142e+01,0.000000000000000000e+00,0.000000000000000000e+00
3.120000000000000284e+01,0.000000000000000000e+00,0.000000000000000000e+00
3.130000000000000426e+01,0.000000000000000000e+00,0.000000000000000000e+00
3.140000000000000568e+01,0.000000000000000000e+00,0.000000000000000000e+00
3.150000000000000711e+01,0.000000000000000000e+00,0.000000000000000000e+00
3.160000000000000853e+01,0.000000000000000000e+00,0.000000000000000000e+00
3.170000000000000995e+01,0.000000000000000000e+00,0.000000000000000000e+00
3.180000000000001137e+01,0.000000000000000000e+00,0.000000000000000000e+00
3.190000000000001279e+01,0.000000000000000000e+00,0.000000000000000000e+00
3.200000000000001421e+01,0.000000000000000000e+00,0.000000000000000000e+00
3.210000000000001563e+01,0.000000000000000000e+00,0.000000000000000000e+00
3.220000000000001705e+01,0.000000000000000000e+00,0.000000000000000000e+00
3.230000000000001847e+01,0.000000000000000000e+00,0.000000000000000000e+00
3.240000000000001990e+01,0.000000000000000000e+00,0.000000000000000000e+00
3.250000000000002132e+01,0.000000000000000000e+00,0.000000000000000000e+00
3.260000000000002274e+01,0.000000000000000000e+00,0.000000000000000000e+00
3.270000000000002416e+01,0.000000000000000000e+00,0.000000000000000000e+00
3.280000000000002558e+01,0.000000000000000000e+00,0.000000000000000000e+00
3.290000000000002700e+01,0.000000000000000000e+00,0.000000000000000000e+00
3.300000000000002842e+01,0.000000000000000000e+00,0.000000000000000000e+00
3.310000000000002984e+01,0.000000000000000000e+00,0.000000000000000000e+00
3.320000000000003126e+01,0.000000000000000000e+00,0.000000000000000000e+00
3.330000000000003268e+01,0.000000000000000000e+00,0.000000000000000000e+00
3.340000000000003411e+01,0.000000000000000000e+00,0.000000000000000000e+00
3.350000000000003553e+01,0.000000000000000000e+00,0.000000000000000000e+00
3.360000000000003695e+01,0.000000000000000000e+00,0.000000000000000000e+00
3.370000000000003837e+01,0.000000000000000000e+00,0.000000000000000000e+00
3.380000000000003979e+01,0.000000000000000000e+00,0.000000000000000000e+00
3.390000000000004121e+01,0.000000000000000000e+00,0.000000000000000000e+00
3.400000000000004263e+01,0.000000000000000000e+00,0.000000000000000000e+00
3.410000000000004405e+01,0.000000000000000000e+00,0.000000000000000000e+00
3.420000000000004547e+01,0.000000000000000000e+00,0.000000000000000000e+00
3.430000000000004690e+01,0.000000000000000000e+00,0.000000000000000000e+00
3.440000000000004832e+01,0.000000000000000000e+00,0.000000000000000000e+00
3.450000000000004974e+01,0.000000000000000000e+00,0.000000000000000000e+00
3.460000000000005116e+01,0.000000000000000000e+00,0.000000000000000000e+00
3.470000000000005258e+01,0.000000000000000000e+00,0.000000000000000000e+00
3.480000000000005400e+01,0.000000000000000000e+00,0.000000000000000000e+00
3.490000000000005542e+01,0.000000000000000000e+00,0.000000000000000000e+00
3.500000000000005684e+01,0.000000000000000000e+00,0.000000000000000000e+00
3.510000000000005826e+01,0.000000000000000000e+00,0.000000000000000000e+00
3.520000000000005969e+01,0.000000000000000000e+00,0.000000000000000000e+00
3.530000000000006111e+01,0.000000000000000000e+00,0.000000000000000000e+00
3.540000000000006253e+01,0.000000000000000000e+00,0.000000000000000000e+00
3.550000000000006395e+01,0.000000000000000000e+00,0.000000000000000000e+00
3.560000000000006537e+01,0.000000000000000000e+00,0.000000000000000000e+00
3.570000000000006679e+01,0.000000000000000000e+00,0.000000000000000000e+00
3.580000000000006821e+01,0.000000000000000000e+00,0.000000000000000000e+00
3.590000000000006963e+01,0.000000000000000000e+00,0.000000000000000000e+00
3.600000000000007105e+01,0.000000000000000000e+00,0.000000000000000000e+00
3.610000000000007248e+01,0.000000000000000000e+00,0.000000000000000000e+00
3.620000000000007390e+01,0.000000000000000000e+00,0.000000000000000000e+00
3.630000000000007532e+01,0.000000000000000000e+00,0.000000000000000000e+00
3.640000000000007674e+01,0.000000000000000000e+00,0.000000000000000000e+00
3.650000000000007816e+01,0.000000000000000000e+00,0.000000000000000000e+00
3.660000000000007958e+01,0.000000000000000000e+00,0.000000000000000000e+00
3.670000000000008100e+01,0.000000000000000000e+00,0.000000000000000000e+00
3.680000000000008242e+01,0.000000000000000000e+00,0.000000000000000000e+00
3.690000000000008384e+01,0.000000000000000000e+00,0.000000000000000000e+00
3.700000000000008527e+01,0.000000000000000000e+00,0.000000000000000000e+00
3.710000000000008669e+01,0.000000000000000000e+00,0.000000000000000000e+00
3.720000000000008811e+01,0.000000000000000000e+00,0.000000000000000000e+00
3.730000000000008953e+01,0.000000000000000000e+00,0.000000000000000000e+00
3.740000000000009095e+01,0.000000000000000000e+00,0.000000000000000000e+00
3.750000000000009237e+01,0.000000000000000000e+00,0.000000000000000000e+00
3.760000000000009379e+01,0.000000000000000000e+00,0.000000000000000000e+00
3.770000000000009521e+01,0.000000000000000000e+00,0.000000000000000000e+00
3.780000000000009663e+01,0.000000000000000000e+00,0.000000000000000000e+00
3.790000000000009805e+01,0.000000000000000000e+00,0.000000000000000000e+00
3.800000000000009948e+01,0.000000000000000000e+00,0.000000000000000000e+00
3.810000000000010090e+01,0.000000000000000000e+00,0.000000000000000000e+00
3.820000000000010232e+01,0.000000000000000000e+00,0.000000000000000000e+00
3.830000000000010374e+01,0.000000000000000000e+00,0.000000000000000000e+00
3.840000000000010516e+01,0.000000000000000000e+00,0.000000000000000000e+00
3.850000000000010658e+01,0.000000000000000000e+00,0.000000000000000000e+00
3.860000000000010800e+01,0.000000000000000000e+00,0.000000000000000000e+00
3.870000000000010942e+01,0.000000000000000000e+00,0.000000000000000000e+00
3.880000000000011084e+01,0.000000000000000000e+00,0.000000000000000000e+00
3.890000000000011227e+01,0.000000000000000000e+00,0.000000000000000000e+00
3.900000000000011369e+01,0.000000000000000000e+00,0.000000000000000000e+00
3.910000000000011511e+01,0.000000000000000000e+00,0.000000000000000000e+00
3.920000000000011653e+01,0.000000000000000000e+00,0.000000000000000000e+00
3.930000000000011795e+01,0.000000000000000000e+00,0.000000000000000000e+00
3.940000000000011937e+01,0.000000000000000000e+00,0.000000000000000000e+00
3.950000000000012079e+01,0.000000000000000000e+00,0.000000000000000000e+00
3.960000000000012221e+01,0.000000000000000000e+00,0.000000000000000000e+00
3.970000000000012363e+01,0.000000000000000000e+00,0.000000000000000000e+00
3.980000000000012506e+01,0.000000000000000000e+00,0.000000000000000000e+00
3.990000000000012648e+01,0.000000000000000000e+00,0.000000000000000000e+00
4.000000000000012790e+01,0.000000000000000000e+00,0.000000000000000000e+00
4.010000000000012932e+01,0.000000000000000000e+00,0.000000000000000000e+00
4.020000000000013074e+01,0.000000000000000000e+00,0.000000000000000000e+00
4.030000000000013216e+01,0.000000000000000000e+00,0.000000000000000000e+00
4.040000000000013358e+01,0.000000000000000000e+00,0.000000000000000000e+00
4.050000000000013500e+01,0.000000000000000000e+00,0.000000000000000000e+00
4.060000000000013642e+01,0.000000000000000000e+00,0.000000000000000000e+00
4.070000000000013785e+01,0.000000000000000000e+00,0.000000000000000000e+00
4.080000000000013927e+01,0.000000000000000000e+00,0.000000000000000000e+00
4.090000000000014069e+01,0.000000000000000000e+00,0.000000000000000000e+00
4.100000000000014211e+01,0.000000000000000000e+00,0.000000000000000000e+00
4.110000000000014353e+01,0.000000000000000000e+00,0.000000000000000000e+00
4.120000000000014495e+01,0.000000000000000000e+00,0.000000000000000000e+00
4.130000000000014637e+01,0.000000000000000000e+00,0.000000000000000000e+00
4.140000000000014779e+01,0.000000000000000000e+00,0.000000000000000000e+00
4.150000000000014921e+01,0.000000000000000000e+00,0.000000000000000000e+00
4.160000000000015064e+01,0.000000000000000000e+00,0.000000000000000000e+00
4.170000000000015206e+01,0.000000000000000000e+00,0.000000000000000000e+00
4.180000000000015348e+01,0.000000000000000000e+00,0.000000000000000000e+00
4.190000000000015490e+01,0.000000000000000000e+00,0.000000000000000000e+00
4.200000000000015632e+01,0.000000000000000000e+00,0.000000000000000000e+00
4.210000000000015774e+01,0.000000000000000000e+00,0.000000000000000000e+00
4.220000000000015916e+01,0.000000000000000000e+00,0.000000000000000000e+00
4.230000000000016058e+01,0.000000000000000000e+00,0.000000000000000000e+00
4.240000000000016200e+01,0.000000000000000000e+00,0.000000000000000000e+00
4.250000000000016342e+01,0.000000000000000000e+00,0.000000000000000000e+00
4.260000000000016485e+01,0.000000000000000000e+00,0.000000000000000000e+00
4.270000000000016627e+01,0.000000000000000000e+00,0.000000000000000000e+00
4.280000000000016769e+01,0.000000000000000000e+00,0.000000000000000000e+00
4.290000000000016911e+01,0.000000000000000000e+00,0.000000000000000000e+00
4.300000000000017053e+01,0.000000000000000000e+00,0.000000000000000000e+00
4.310000000000017195e+01,0.000000000000000000e+00,0.000000000000000000e+00
4.320000000000017337e+01,0.000000000000000000e+00,0.000000000000000000e+00
4.330000000000017479e+01,0.000000000000000000e+00,0.000000000000000000e+00
4.340000000000017621e+01,0.000000000000000000e+00,0.000000000000000000e+00
4.350000000000017764e+01,0.000000000000000000e+00,0.000000000000000000e+00
4.360000000000017906e+01,0.000000000000000000e+00,0.000000000000000000e+00
4.370000000000018048e+01,0.000000000000000000e+00,0.000000000000000000e+00
4.380000000000018190e+01,0.000000000000000000e+00,0.000000000000000000e+00
4.390000000000018332e+01,0.000000000000000000e+00,0.000000000000000000e+00
4.400000000000018474e+01,0.000000000000000000e+00,0.000000000000000000e+00
4.410000000000018616e+01,0.000000000000000000e+00,0.000000000000000000e+00
4.420000000000018758e+01,0.000000000000000000e+00,0.000000000000000000e+00
4.430000000000018900e+01,0.000000000000000000e+00,0.000000000000000000e+00
4.440000000000019043e+01,0.000000000000000000e+00,0.000000000000000000e+00
4.450000000000019185e+01,0.000000000000000000e+00,0.000000000000000000e+00
4.460000000000019327e+01,0.000000000000000000e+00,0.000000000000000000e+00
4.470000000000019469e+01,0.000000000000000000e+00,0.000000000000000000e+00
4.480000000000019611e+01,0.000000000000000000e+00,0.000000000000000000e+00
4.490000000000019753e+01,0.000000000000000000e+00,0.000000000000000000e+00
4.500000000000019895e+01,0.000000000000000000e+00,0.000000000000000000e+00
4.510000000000020037e+01,0.000000000000000000e+00,0.000000000000000000e+00
4.520000000000020179e+01,0.000000000000000000e+00,0.000000000000000000e+00
4.530000000000020322e+01,0.000000000000000000e+00,0.000000000000000000e+00
4.540000000000020464e+01,0.000000000000000000e+00,0.000000000000000000e+00
4.550000000000020606e+01,0.000000000000000000e+00,0.000000000000000000e+00
4.560000000000020748e+01,0.000000000000000000e+00,0.000000000000000000e+00
4.570000000000020890e+01,0.000000000000000000e+00,0.000000000000000000e+00
4.580000000000021032e+01,0.000000000000000000e+00,0.000000000000000000e+00
4.590000000000021174e+01,0.000000000000000000e+00,0.000000000000000000e+00
4.600000000000021316e+01,0.000000000000000000e+00,0.000000000000000000e+00
4.610000000000021458e+01,0.000000000000000000e+00,0.000000000000000000e+00
4.620000000000021600e+01,0.000000000000000000e+00,0.000000000000000000e+00
4.630000000000021743e+01,0.000000000000000000e+00,0.000000000000000000e+00
4.640000000000021885e+01,0.000000000000000000e+00,0.000000000000000000e+00
4.650000000000022027e+01,0.000000000000000000e+00,0.000000000000000000e+00
4.660000000000022169e+01,0.000000000000000000e+00,0.000000000000000000e+00
4.670000000000022311e+01,0.000000000000000000e+00,0.000000000000000000e+00
4.680000000000022453e+01,0.000000000000000000e+00,0.000000000000000000e+00
4.690000000000022595e+01,0.000000000000000000e+00,0.000000000000000000e+00
4.700000000000022737e+01,0.000000000000000000e+00,0.000000000000000000e+00
4.710000000000022879e+01,0.000000000000000000e+00,0.000000000000000000e+00
4.720000000000023022e+01,0.000000000000000000e+00,0.000000000000000000e+00
4.730000000000023164e+01,0.000000000000000000e+00,0.000000000000000000e+00
4.740000000000023306e+01,0.000000000000000000e+00,0.000000000000000000e+00
4.750000000000023448e+01,0.000000000000000000e+00,0.000000000000000000e+00
4.760000000000023590e+01,0.000000000000000000e+00,0.000000000000000000e+00
4.770000000000023732e+01,0.000000000000000000e+00,0.000000000000000000e+00
4.780000000000023874e+01,0.000000000000000000e+00,0.000000000000000000e+00
4.790000000000024016e+01,0.000000000000000000e+00,0.000000000000000000e+00
4.800000000000024158e+01,0.000000000000000000e+00,0.000000000000000000e+00
4.810000000000024301e+01,0.000000000000000000e+00,0.000000000000000000e+00
4.820000000000024443e+01,0.000000000000000000e+00,0.000000000000000000e+00
4.830000000000024585e+01,0.000000000000000000e+00,0.000000000000000000e+00
4.840000000000024727e+01,0.000000000000000000e+00,0.000000000000000000e+00
4.850000000000024869e+01,0.000000000000000000e+00,0.000000000000000000e+00
4.860000000000025011e+01,0.000000000000000000e+00,0.000000000000000000e+00
4.870000000000025153e+01,0.000000000000000000e+00,0.000000000000000000e+00
4.880000000000025295e+01,0.000000000000000000e+00,0.000000000000000000e+00
4.890000000000025437e+01,0.000000000000000000e+00,0.000000000000000000e+00
4.900000000000025580e+01,0.000000000000000000e+00,0.000000000000000000e+00
4.910000000000025722e+01,0.000000000000000000e+00,0.000000000000000000e+00
4.920000000000025864e+01,0.000000000000000000e+00,0.000000000000000000e+00
4.930000000000026006e+01,0.000000000000000000e+00,0.000000000000000000e+00
4.940000000000026148e+01,0.000000000000000000e+00,0.000000000000000000e+00
4.950000000000026290e+01,0.000000000000000000e+00,0.000000000000000000e+00
4.960000000000026432e+01,0.000000000000000000e+00,0.000000000000000000e+00
4.970000000000026574e+01,0.000000000000000000e+00,0.000000000000000000e+00
4.980000000000026716e+01,0.000000000000000000e+00,0.000000000000000000e+00
4.990000000000026859e+01,0.000000000000000000e+00,0.000000000000000000e+00
5.000000000000027001e+01,0.000000000000000000e+00,0.000000000000000000e+00
5.010000000000027143e+01,0.000000000000000000e+00,0.000000000000000000e+00
5.020000000000027285e+01,0.000000000000000000e+00,0.000000000000000000e+00
5.030000000000027427e+01,0.000000000000000000e+00,0.000000000000000000e+00
5.040000000000027569e+01,0.000000000000000000e+00,0.000000000000000000e+00
5.050000000000027711e+01,0.000000000000000000e+00,0.000000000000000000e+00
5.060000000000027853e+01,0.000000000000000000e+00,0.000000000000000000e+00
5.070000000000027995e+01,0.000000000000000000e+00,0.000000000000000000e+00
5.080000000000028137e+01,0.000000000000000000e+00,0.000000000000000000e+00
5.090000000000028280e+01,0.000000000000000000e+00,0.000000000000000000e+00
5.100000000000028422e+01,0.000000000000000000e+00,0.000000000000000000e+00
5.110000000000028564e+01,0.000000000000000000e+00,0.000000000000000000e+00
5.120000000000028706e+01,0.000000000000000000e+00,0.000000000000000000e+00
5.130000000000028848e+01,0.000000000000000000e+00,0.000000000000000000e+00
5.140000000000028990e+01,0.000000000000000000e+00,0.000000000000000000e+00
5.150000000000029132e+01,0.000000000000000000e+00,0.000000000000000000e+00
5.160000000000029274e+01,0.000000000000000000e+00,0.000000000000000000e+00
5.170000000000029416e+01,0.000000000000000000e+00,0.000000000000000000e+00
5.180000000000029559e+01,0.000000000000000000e+00,0.000000000000000000e+00
5.190000000000029701e+01,0.000000000000000000e+00,0.000000000000000000e+00
5.200000000000029843e+01,0.000000000000000000e+00,0.000000000000000000e+00
5.210000000000029985e+01,0.000000000000000000e+00,0.000000000000000000e+00
5.220000000000030127e+01,0.000000000000000000e+00,0.000000000000000000e+00
5.230000000000030269e+01,0.000000000000000000e+00,0.000000000000000000e+00
5.240000000000030411e+01,0.000000000000000000e+00,0.000000000000000000e+00
5.250000000000030553e+01,0.000000000000000000e+00,0.000000000000000000e+00
5.260000000000030695e+01,0.000000000000000000e+00,0.000000000000000000e+00
5.270000000000030838e+01,0.000000000000000000e+00,0.000000000000000000e+00
5.280000000000030980e+01,0.000000000000000000e+00,0.000000000000000000e+00
5.290000000000031122e+01,0.000000000000000000e+00,0.000000000000000000e+00
5.300000000000031264e+01,0.000000000000000000e+00,0.000000000000000000e+00
5.310000000000031406e+01,0.000000000000000000e+00,0.000000000000000000e+00
5.320000000000031548e+01,0.000000000000000000e+00,0.000000000000000000e+00
5.330000000000031690e+01,0.000000000000000000e+00,0.000000000000000000e+00
5.340000000000031832e+01,0.000000000000000000e+00,0.000000000000000000e+00
5.350000000000031974e+01,0.000000000000000000e+00,0.000000000000000000e+00
5.360000000000032117e+01,0.000000000000000000e+00,0.000000000000000000e+00
5.370000000000032259e+01,0.000000000000000000e+00,0.000000000000000000e+00
5.380000000000032401e+01,0.000000000000000000e+00,0.000000000000000000e+00
5.390000000000032543e+01,0.000000000000000000e+00,0.000000000000000000e+00
5.400000000000032685e+01,0.000000000000000000e+00,0.000000000000000000e+00
5.410000000000032827e+01,0.000000000000000000e+00,0.000000000000000000e+00
5.420000000000032969e+01,0.000000000000000000e+00,0.000000000000000000e+00
5.430000000000033111e+01,0.000000000000000000e+00,0.000000000000000000e+00
5.440000000000033253e+01,0.000000000000000000e+00,0.000000000000000000e+00
5.450000000000033396e+01,0.000000000000000000e+00,0.000000000000000000e+00
5.460000000000033538e+01,0.000000000000000000e+00,0.000000000000000000e+00
5.470000000000033680e+01,0.000000000000000000e+00,0.000000000000000000e+00
5.480000000000033822e+01,0.000000000000000000e+00,0.000000000000000000e+00
5.490000000000033964e+01,0.000000000000000000e+00,0.000000000000000000e+00
5.500000000000034106e+01,0.000000000000000000e+00,0.000000000000000000e+00
5.510000000000034248e+01,0.000000000000000000e+00,0.000000000000000000e+00
5.520000000000034390e+01,0.000000000000000000e+00,0.000000000000000000e+00
5.530000000000034532e+01,0.000000000000000000e+00,0.000000000000000000e+00
5.540000000000034674e+01,0.000000000000000000e+00,0.000000000000000000e+00
5.550000000000034817e+01,0.000000000000000000e+00,0.000000000000000000e+00
5.560000000000034959e+01,0.000000000000000000e+00,0.000000000000000000e+00
5.570000000000035101e+01,0.000000000000000000e+00,0.000000000000000000e+00
5.580000000000035243e+01,0.000000000000000000e+00,0.000000000000000000e+00
5.590000000000035385e+01,0.000000000000000000e+00,0.000000000000000000e+00
5.600000000000035527e+01,0.000000000000000000e+00,0.000000000000000000e+00
5.610000000000035669e+01,0.000000000000000000e+00,0.000000000000000000e+00
5.620000000000035811e+01,0.000000000000000000e+00,0.000000000000000000e+00
5.630000000000035953e+01,0.000000000000000000e+00,0.000000000000000000e+00
5.640000000000036096e+01,0.000000000000000000e+00,0.000000000000000000e+00
5.650000000000036238e+01,0.000000000000000000e+00,0.000000000000000000e+00
5.660000000000036380e+01,0.000000000000000000e+00,0.000000000000000000e+00
5.670000000000036522e+01,0.000000000000000000e+00,0.000000000000000000e+00
5.680000000000036664e+01,0.000000000000000000e+00,0.000000000000000000e+00
5.690000000000036806e+01,0.000000000000000000e+00,0.000000000000000000e+00
5.700000000000036948e+01,0.000000000000000000e+00,0.000000000000000000e+00
5.710000000000037090e+01,0.000000000000000000e+00,0.000000000000000000e+00
5.720000000000037232e+01,0.000000000000000000e+00,0.000000000000000000e+00
5.730000000000037375e+01,0.000000000000000000e+00,0.000000000000000000e+00
5.740000000000037517e+01,0.000000000000000000e+00,0.000000000000000000e+00
5.750000000000037659e+01,0.000000000000000000e+00,0.000000000000000000e+00
5.760000000000037801e+01,0.000000000000000000e+00,0.000000000000000000e+00
5.770000000000037943e+01,0.000000000000000000e+00,0.000000000000000000e+00
5.780000000000038085e+01,0.000000000000000000e+00,0.000000000000000000e+00
5.790000000000038227e+01,0.000000000000000000e+00,0.000000000000000000e+00
5.800000000000038369e+01,0.000000000000000000e+00,0.000000000000000000e+00
5.810000000000038511e+01,0.000000000000000000e+00,0.000000000000000000e+00
5.820000000000038654e+01,0.000000000000000000e+00,0.000000000000000000e+00
5.830000000000038796e+01,0.000000000000000000e+00,0.000000000000000000e+00
5.840000000000038938e+01,0.000000000000000000e+00,0.000000000000000000e+00
5.850000000000039080e+01,0.000000000000000000e+00,0.000000000000000000e+00
5.860000000000039222e+01,0.000000000000000000e+00,0.000000000000000000e+00
5.870000000000039364e+01,0.000000000000000000e+00,0.000000000000000000e+00
5.880000000000039506e+01,0.000000000000000000e+00,0.000000000000000000e+00
5.890000000000039648e+01,0.000000000000000000e+00,0.000000000000000000e+00
5.900000000000039790e+01,0.000000000000000000e+00,0.000000000000000000e+00
5.910000000000039933e+01,0.000000000000000000e+00,0.000000000000000000e+00
5.920000000000040075e+01,0.000000000000000000e+00,0.000000000000000000e+00
5.930000000000040217e+01,0.000000000000000000e+00,0.000000000000000000e+00
5.940000000000040359e+01,0.000000000000000000e+00,0.000000000000000000e+00
5.950000000000040501e+01,0.000000000000000000e+00,0.000000000000000000e+00
5.960000000000040643e+01,0.000000000000000000e+00,0.000000000000000000e+00
5.970000000000040785e+01,0.000000000000000000e+00,0.000000000000000000e+00
5.980000000000040927e+01,0.000000000000000000e+00,0.000000000000000000e+00
5.990000000000041069e+01,0.000000000000000000e+00,0.000000000000000000e+00
6.000000000000041211e+01,0.000000000000000000e+00,0.000000000000000000e+00
6.010000000000041354e+01,0.000000000000000000e+00,0.000000000000000000e+00
6.020000000000041496e+01,0.000000000000000000e+00,0.000000000000000000e+00
6.030000000000041638e+01,0.000000000000000000e+00,0.000000000000000000e+00
6.040000000000041780e+01,0.000000000000000000e+00,0.000000000000000000e+00
6.050000000000041922e+01,0.000000000000000000e+00,0.000000000000000000e+00
6.060000000000042064e+01,0.000000000000000000e+00,0.000000000000000000e+00
6.070000000000042206e+01,0.000000000000000000e+00,0.000000000000000000e+00
6.080000000000042348e+01,0.000000000000000000e+00,0.000000000000000000e+00
6.090000000000042490e+01,0.000000000000000000e+00,0.000000000000000000e+00
6.100000000000042633e+01,0.000000000000000000e+00,0.000000000000000000e+00
6.110000000000042775e+01,0.000000000000000000e+00,0.000000000000000000e+00
6.120000000000042917e+01,0.000000000000000000e+00,0.000000000000000000e+00
6.130000000000043059e+01,0.000000000000000000e+00,0.000000000000000000e+00
6.140000000000043201e+01,0.000000000000000000e+00,0.000000000000000000e+00
6.150000000000043343e+01,0.000000000000000000e+00,0.000000000000000000e+00
6.160000000000043485e+01,0.000000000000000000e+00,0.000000000000000000e+00
6.170000000000043627e+01,0.000000000000000000e+00,0.000000000000000000e+00
6.180000000000043769e+01,0.000000000000000000e+00,0.000000000000000000e+00
6.190000000000043912e+01,0.000000000000000000e+00,0.000000000000000000e+00
6.200000000000044054e+01,0.000000000000000000e+00,0.000000000000000000e+00
6.210000000000044196e+01,0.000000000000000000e+00,0.000000000000000000e+00
6.220000000000044338e+01,0.000000000000000000e+00,0.000000000000000000e+00
6.230000000000044480e+01,0.000000000000000000e+00,0.000000000000000000e+00
6.240000000000044622e+01,0.000000000000000000e+00,0.000000000000000000e+00
6.250000000000044764e+01,0.000000000000000000e+00,0.000000000000000000e+00
6.260000000000044906e+01,0.000000000000000000e+00,0.000000000000000000e+00
6.270000000000045048e+01,0.000000000000000000e+00,0.000000000000000000e+00
6.280000000000045191e+01,0.000000000000000000e+00,0.000000000000000000e+00
6.290000000000045333e+01,0.000000000000000000e+00,0.000000000000000000e+00
6.300000000000045475e+01,0.000000000000000000e+00,0.000000000000000000e+00
6.310000000000045617e+01,0.000000000000000000e+00,0.000000000000000000e+00
6.320000000000045759e+01,0.000000000000000000e+00,0.000000000000000000e+00
6.330000000000045901e+01,0.000000000000000000e+00,0.000000000000000000e+00
6.340000000000046043e+01,0.000000000000000000e+00,0.000000000000000000e+00
6.350000000000046185e+01,0.000000000000000000e+00,0.000000000000000000e+00
6.360000000000046327e+01,0.000000000000000000e+00,0.000000000000000000e+00
6.370000000000046469e+01,0.000000000000000000e+00,0.000000000000000000e+00
6.380000000000046612e+01,0.000000000000000000e+00,0.000000000000000000e+00
6.390000000000046754e+01,0.000000000000000000e+00,0.000000000000000000e+00
6.400000000000046896e+01,0.000000000000000000e+00,0.000000000000000000e+00
6.410000000000046327e+01,0.000000000000000000e+00,0.000000000000000000e+00
6.420000000000045759e+01,0.000000000000000000e+00,0.000000000000000000e+00
6.430000000000045191e+01,0.000000000000000000e+00,0.000000000000000000e+00
6.440000000000044622e+01,0.000000000000000000e+00,0.000000000000000000e+00
6.450000000000044054e+01,0.000000000000000000e+00,0.000000000000000000e+00
6.460000000000043485e+01,0.000000000000000000e+00,0.000000000000000000e+00
6.470000000000042917e+01,0.000000000000000000e+00,0.000000000000000000e+00
6.480000000000042348e+01,0.000000000000000000e+00,0.000000000000000000e+00
6.490000000000041780e+01,0.000000000000000000e+00,0.000000000000000000e+00
6.500000000000041211e+01,0.000000000000000000e+00,0.000000000000000000e+00
6.510000000000040643e+01,0.000000000000000000e+00,0.000000000000000000e+00
6.520000000000040075e+01,0.000000000000000000e+00,0.000000000000000000e+00
6.530000000000039506e+01,0.000000000000000000e+00,0.000000000000000000e+00
6.540000000000038938e+01,0.000000000000000000e+00,0.000000000000000000e+00
6.550000000000038369e+01,0.000000000000000000e+00,0.000000000000000000e+00
6.560000000000037801e+01,0.000000000000000000e+00,0.000000000000000000e+00
6.570000000000037232e+01,0.000000000000000000e+00,0.000000000000000000e+00
6.580000000000036664e+01,0.000000000000000000e+00,0.000000000000000000e+00
6.590000000000036096e+01,0.000000000000000000e+00,0.000000000000000000e+00
6.600000000000035527e+01,0.000000000000000000e+00,0.000000000000000000e+00
6.610000000000034959e+01,0.000000000000000000e+00,0.000000000000000000e+00
6.620000000000034390e+01,0.000000000000000000e+00,0.000000000000000000e+00
6.630000000000033822e+01,0.000000000000000000e+00,0.000000000000000000e+00
6.640000000000033253e+01,0.000000000000000000e+00,0.000000000000000000e+00
6.650000000000032685e+01,0.000000000000000000e+00,0.000000000000000000e+00
6.660000000000032117e+01,0.000000000000000000e+00,0.000000000000000000e+00
6.670000000000031548e+01,0.000000000000000000e+00,0.000000000000000000e+00
6.680000000000030980e+01,0.000000000000000000e+00,0.000000000000000000e+00
6.690000000000030411e+01,0.000000000000000000e+00,0.000000000000000000e+00
6.700000000000029843e+01,0.000000000000000000e+00,0.000000000000000000e+00
6.710000000000029274e+01,0.000000000000000000e+00,0.000000000000000000e+00
6.720000000000028706e+01,0.000000000000000000e+00,0.000000000000000000e+00
6.730000000000028137e+01,0.000000000000000000e+00,0.000000000000000000e+00
6.740000000000027569e+01,0.000000000000000000e+00,0.000000000000000000e+00
6.750000000000027001e+01,0.000000000000000000e+00,0.000000000000000000e+00
6.760000000000026432e+01,0.000000000000000000e+00,0.000000000000000000e+00
6.770000000000025864e+01,0.000000000000000000e+00,0.000000000000000000e+00
6.780000000000025295e+01,0.000000000000000000e+00,0.000000000000000000e+00
6.790000000000024727e+01,0.000000000000000000e+00,0.000000000000000000e+00
6.800000000000024158e+01,0.000000000000000000e+00,0.000000000000000000e+00
6.810000000000023590e+01,0.000000000000000000e+00,0.000000000000000000e+00
6.820000000000023022e+01,0.000000000000000000e+00,0.000000000000000000e+00
6.830000000000022453e+01,0.000000000000000000e+00,0.000000000000000000e+00
6.840000000000021885e+01,0.000000000000000000e+00,0.000000000000000000e+00
6.850000000000021316e+01,0.000000000000000000e+00,0.000000000000000000e+00
6.860000000000020748e+01,0.000000000000000000e+00,0.000000000000000000e+00
6.870000000000020179e+01,0.000000000000000000e+00,0.000000000000000000e+00
6.880000000000019611e+01,0.000000000000000000e+00,0.000000000000000000e+00
6.890000000000019043e+01,0.000000000000000000e+00,0.000000000000000000e+00
6.900000000000018474e+01,0.000000000000000000e+00,0.000000000000000000e+00
6.910000000000017906e+01,0.000000000000000000e+00,0.000000000000000000e+00
6.920000000000017337e+01,0.000000000000000000e+00,0.000000000000000000e+00
6.930000000000016769e+01,0.000000000000000000e+00,0.000000000000000000e+00
6.940000000000016200e+01,0.000000000000000000e+00,0.000000000000000000e+00
6.950000000000015632e+01,0.000000000000000000e+00,0.000000000000000000e+00
6.960000000000015064e+01,0.000000000000000000e+00,0.000000000000000000e+00
6.970000000000014495e+01,0.000000000000000000e+00,0.000000000000000000e+00
6.980000000000013927e+01,0.000000000000000000e+00,0.000000000000000000e+00
6.990000000000013358e+01,0.000000000000000000e+00,0.000000000000000000e+00
7.000000000000012790e+01,0.000000000000000000e+00,0.000000000000000000e+00
7.010000000000012221e+01,0.000000000000000000e+00,0.000000000000000000e+00
7.020000000000011653e+01,0.000000000000000000e+00,0.000000000000000000e+00
7.030000000000011084e+01,0.000000000000000000e+00,0.000000000000000000e+00
7.040000000000010516e+01,0.000000000000000000e+00,0.000000000000000000e+00
7.050000000000009948e+01,0.000000000000000000e+00,0.000000000000000000e+00
7.060000000000009379e+01,0.000000000000000000e+00,0.000000000000000000e+00
7.070000000000008811e+01,0.000000000000000000e+00,0.000000000000000000e+00
7.080000000000008242e+01,0.000000000000000000e+00,0.000000000000000000e+00
7.090000000000007674e+01,0.000000000000000000e+00,0.000000000000000000e+00
7.100000000000007105e+01,0.000000000000000000e+00,0.000000000000000000e+00
7.110000000000006537e+01,0.000000000000000000e+00,0.000000000000000000e+00
7.120000000000005969e+01,0.000000000000000000e+00,0.000000000000000000e+00
7.130000000000005400e+01,0.000000000000000000e+00,0.000000000000000000e+00
7.140000000000004832e+01,0.000000000000000000e+00,0.000000000000000000e+00
7.150000000000004263e+01,0.000000000000000000e+00,0.000000000000000000e+00
7.160000000000003695e+01,0.000000000000000000e+00,0.000000000000000000e+00
7.170000000000003126e+01,0.000000000000000000e+00,0.000000000000000000e+00
7.180000000000002558e+01,0.000000000000000000e+00,0.000000000000000000e+00
7.190000000000001990e+01,0.000000000000000000e+00,0.000000000000000000e+00
7.200000000000001421e+01,0.000000000000000000e+00,0.000000000000000000e+00
7.210000000000000853e+01,0.000000000000000000e+00,0.000000000000000000e+00
7.220000000000000284e+01,0.000000000000000000e+00,0.000000000000000000e+00
7.229999999999999716e+01,0.000000000000000000e+00,0.000000000000000000e+00
7.239999999999999147e+01,0.000000000000000000e+00,0.000000000000000000e+00
7.249999999999998579e+01,0.000000000000000000e+00,0.000000000000000000e+00
7.259999999999998010e+01,0.000000000000000000e+00,0.000000000000000000e+00
7.269999999999997442e+01,0.000000000000000000e+00,0.000000000000000000e+00
7.279999999999996874e+01,0.000000000000000000e+00,0.000000000000000000e+00
7.289999999999996305e+01,0.000000000000000000e+00,0.000000000000000000e+00
7.299999999999995737e+01,0.000000000000000000e+00,0.000000000000000000e+00
7.309999999999995168e+01,0.000000000000000000e+00,0.000000000000000000e+00
7.319999999999994600e+01,0.000000000000000000e+00,0.000000000000000000e+00
7.329999999999994031e+01,0.000000000000000000e+00,0.000000000000000000e+00
7.339999999999993463e+01,0.000000000000000000e+00,0.000000000000000000e+00
7.349999999999992895e+01,0.000000000000000000e+00,0.000000000000000000e+00
7.359999999999992326e+01,0.000000000000000000e+00,0.000000000000000000e+00
7.369999999999991758e+01,0.000000000000000000e+00,0.000000000000000000e+00
7.379999999999991189e+01,0.000000000000000000e+00,0.000000000000000000e+00
7.389999999999990621e+01,0.000000000000000000e+00,0.000000000000000000e+00
7.399999999999990052e+01,0.000000000000000000e+00,0.000000000000000000e+00
7.409999999999989484e+01,0.000000000000000000e+00,0.000000000000000000e+00
7.419999999999988916e+01,0.000000000000000000e+00,0.000000000000000000e+00
7.429999999999988347e+01,0.000000000000000000e+00,0.000000000000000000e+00
7.439999999999987779e+01,0.000000000000000000e+00,0.000000000000000000e+00
7.449999999999987210e+01,0.000000000000000000e+00,0.000000000000000000e+00
7.459999999999986642e+01,0.000000000000000000e+00,0.000000000000000000e+00
7.469999999999986073e+01,0.000000000000000000e+00,0.000000000000000000e+00
7.479999999999985505e+01,0.000000000000000000e+00,0.000000000000000000e+00
7.489999999999984936e+01,0.000000000000000000e+00,0.000000000000000000e+00
7.499999999999984368e+01,0.000000000000000000e+00,0.000000000000000000e+00
7.509999999999983800e+01,0.000000000000000000e+00,0.000000000000000000e+00
7.519999999999983231e+01,0.000000000000000000e+00,0.000000000000000000e+00
7.529999999999982663e+01,0.000000000000000000e+00,0.000000000000000000e+00
7.539999999999982094e+01,0.000000000000000000e+00,0.000000000000000000e+00
7.549999999999981526e+01,0.000000000000000000e+00,0.000000000000000000e+00
7.559999999999980957e+01,0.000000000000000000e+00,0.000000000000000000e+00
7.569999999999980389e+01,0.000000000000000000e+00,0.000000000000000000e+00
7.579999999999979821e+01,0.000000000000000000e+00,0.000000000000000000e+00
7.589999999999979252e+01,0.000000000000000000e+00,0.000000000000000000e+00
7.599999999999978684e+01,0.000000000000000000e+00,0.000000000000000000e+00
7.609999999999978115e+01,0.000000000000000000e+00,0.000000000000000000e+00
7.619999999999977547e+01,0.000000000000000000e+00,0.000000000000000000e+00
7.629999999999976978e+01,0.000000000000000000e+00,0.000000000000000000e+00
7.639999999999976410e+01,0.000000000000000000e+00,0.000000000000000000e+00
7.649999999999975842e+01,0.000000000000000000e+00,0.000000000000000000e+00
7.659999999999975273e+01,0.000000000000000000e+00,0.000000000000000000e+00
7.669999999999974705e+01,0.000000000000000000e+00,0.000000000000000000e+00
7.679999999999974136e+01,0.000000000000000000e+00,0.000000000000000000e+00
7.689999999999973568e+01,0.000000000000000000e+00,0.000000000000000000e+00
7.699999999999972999e+01,0.000000000000000000e+00,0.000000000000000000e+00
7.709999999999972431e+01,0.000000000000000000e+00,0.000000000000000000e+00
7.719999999999971863e+01,0.000000000000000000e+00,0.000000000000000000e+00
7.729999999999971294e+01,0.000000000000000000e+00,0.000000000000000000e+00
7.739999999999970726e+01,0.000000000000000000e+00,0.000000000000000000e+00
7.749999999999970157e+01,0.000000000000000000e+00,0.000000000000000000e+00
7.759999999999969589e+01,0.000000000000000000e+00,0.000000000000000000e+00
7.769999999999969020e+01,0.000000000000000000e+00,0.000000000000000000e+00
7.779999999999968452e+01,0.000000000000000000e+00,0.000000000000000000e+00
7.789999999999967883e+01,0.000000000000000000e+00,0.000000000000000000e+00
7.799999999999967315e+01,0.000000000000000000e+00,0.000000000000000000e+00
7.809999999999966747e+01,0.000000000000000000e+00,0.000000000000000000e+00
7.819999999999966178e+01,0.000000000000000000e+00,0.000000000000000000e+00
7.829999999999965610e+01,0.000000000000000000e+00,0.000000000000000000e+00
7.839999999999965041e+01,0.000000000000000000e+00,0.000000000000000000e+00
7.849999999999964473e+01,0.000000000000000000e+00,0.000000000000000000e+00
7.859999999999963904e+01,0.000000000000000000e+00,0.000000000000000000e+00
7.869999999999963336e+01,0.000000000000000000e+00,0.000000000000000000e+00
7.879999999999962768e+01,0.000000000000000000e+00,0.000000000000000000e+00
7.889999999999962199e+01,0.000000000000000000e+00,0.000000000000000000e+00
7.899999999999961631e+01,0.000000000000000000e+00,0.000000000000000000e+00
7.909999999999961062e+01,0.000000000000000000e+00,0.000000000000000000e+00
7.919999999999960494e+01,0.000000000000000000e+00,0.000000000000000000e+00
7.929999999999959925e+01,0.000000000000000000e+00,0.000000000000000000e+00
7.939999999999959357e+01,0.000000000000000000e+00,0.000000000000000000e+00
7.949999999999958789e+01,0.000000000000000000e+00,0.000000000000000000e+00
7.959999999999958220e+01,0.000000000000000000e+00,0.000000000000000000e+00
7.969999999999957652e+01,0.000000000000000000e+00,0.000000000000000000e+00
7.979999999999957083e+01,0.000000000000000000e+00,0.000000000000000000e+00
7.989999999999956515e+01,0.000000000000000000e+00,0.000000000000000000e+00
7.999999999999955946e+01,0.000000000000000000e+00,0.000000000000000000e+00
8.009999999999955378e+01,0.000000000000000000e+00,0.000000000000000000e+00
8.019999999999954809e+01,0.000000000000000000e+00,0.000000000000000000e+00
8.029999999999954241e+01,0.000000000000000000e+00,0.000000000000000000e+00
8.039999999999953673e+01,0.000000000000000000e+00,0.000000000000000000e+00
8.049999999999953104e+01,0.000000000000000000e+00,0.000000000000000000e+00
8.059999999999952536e+01,0.000000000000000000e+00,0.000000000000000000e+00
8.069999999999951967e+01,0.000000000000000000e+00,0.000000000000000000e+00
8.079999999999951399e+01,0.000000000000000000e+00,0.000000000000000000e+00
8.089999999999950830e+01,0.000000000000000000e+00,0.000000000000000000e+00
8.099999999999950262e+01,0.000000000000000000e+00,0.000000000000000000e+00
8.109999999999949694e+01,0.000000000000000000e+00,0.000000000000000000e+00
8.119999999999949125e+01,0.000000000000000000e+00,0.000000000000000000e+00
8.129999999999948557e+01,0.000000000000000000e+00,0.000000000000000000e+00
8.139999999999947988e+01,0.000000000000000000e+00,0.000000000000000000e+00
8.149999999999947420e+01,0.000000000000000000e+00,0.000000000000000000e+00
8.159999999999946851e+01,0.000000000000000000e+00,0.000000000000000000e+00
8.169999999999946283e+01,0.000000000000000000e+00,0.000000000000000000e+00
8.179999999999945715e+01,0.000000000000000000e+00,0.000000000000000000e+00
8.189999999999945146e+01,0.000000000000000000e+00,0.000000000000000000e+00
8.199999999999944578e+01,0.000000000000000000e+00,0.000000000000000000e+00
8.209999999999944009e+01,0.000000000000000000e+00,0.000000000000000000e+00
8.219999999999943441e+01,0.000000000000000000e+00,0.000000000000000000e+00
8.229999999999942872e+01,0.000000000000000000e+00,0.000000000000000000e+00
8.239999999999942304e+01,0.000000000000000000e+00,0.000000000000000000e+00
8.249999999999941735e+01,0.000000000000000000e+00,0.000000000000000000e+00
8.259999999999941167e+01,0.000000000000000000e+00,0.000000000000000000e+00
8.269999999999940599e+01,0.000000000000000000e+00,0.000000000000000000e+00
8.279999999999940030e+01,0.000000000000000000e+00,0.000000000000000000e+00
8.289999999999939462e+01,0.000000000000000000e+00,0.000000000000000000e+00
8.299999999999938893e+01,0.000000000000000000e+00,0.000000000000000000e+00
8.309999999999938325e+01,0.000000000000000000e+00,0.000000000000000000e+00
8.319999999999937756e+01,0.000000000000000000e+00,0.000000000000000000e+00
8.329999999999937188e+01,0.000000000000000000e+00,0.000000000000000000e+00
8.339999999999936620e+01,0.000000000000000000e+00,0.000000000000000000e+00
8.349999999999936051e+01,0.000000000000000000e+00,0.000000000000000000e+00
8.359999999999935483e+01,0.000000000000000000e+00,0.000000000000000000e+00
8.369999999999934914e+01,0.000000000000000000e+00,0.000000000000000000e+00
8.379999999999934346e+01,0.000000000000000000e+00,0.000000000000000000e+00
8.389999999999933777e+01,0.000000000000000000e+00,0.000000000000000000e+00
8.399999999999933209e+01,0.000000000000000000e+00,0.000000000000000000e+00
8.409999999999932641e+01,0.000000000000000000e+00,0.000000000000000000e+00
8.419999999999932072e+01,0.000000000000000000e+00,0.000000000000000000e+00
8.429999999999931504e+01,0.000000000000000000e+00,0.000000000000000000e+00
8.439999999999930935e+01,0.000000000000000000e+00,0.000000000000000000e+00
8.449999999999930367e+01,0.000000000000000000e+00,0.000000000000000000e+00
8.459999999999929798e+01,0.000000000000000000e+00,0.000000000000000000e+00
8.469999999999929230e+01,0.000000000000000000e+00,0.000000000000000000e+00
8.479999999999928662e+01,0.000000000000000000e+00,0.000000000000000000e+00
8.489999999999928093e+01,0.000000000000000000e+00,0.000000000000000000e+00
8.499999999999927525e+01,0.000000000000000000e+00,0.000000000000000000e+00
8.509999999999926956e+01,0.000000000000000000e+00,0.000000000000000000e+00
8.519999999999926388e+01,0.000000000000000000e+00,0.000000000000000000e+00
8.529999999999925819e+01,0.000000000000000000e+00,0.000000000000000000e+00
8.539999999999925251e+01,0.000000000000000000e+00,0.000000000000000000e+00
8.549999999999924682e+01,0.000000000000000000e+00,0.000000000000000000e+00
8.559999999999924114e+01,0.000000000000000000e+00,0.000000000000000000e+00
8.569999999999923546e+01,0.000000000000000000e+00,0.000000000000000000e+00
8.579999999999922977e+01,0.000000000000000000e+00,0.000000000000000000e+00
8.589999999999922409e+01,0.000000000000000000e+00,0.000000000000000000e+00
8.599999999999921840e+01,0.000000000000000000e+00,0.000000000000000000e+00
8.609999999999921272e+01,0.000000000000000000e+00,0.000000000000000000e+00
8.619999999999920703e+01,0.000000000000000000e+00,0.000000000000000000e+00
8.629999999999920135e+01,0.000000000000000000e+00,0.000000000000000000e+00
8.639999999999919567e+01,0.000000000000000000e+00,0.000000000000000000e+00
8.649999999999918998e+01,0.000000000000000000e+00,0.000000000000000000e+00
8.659999999999918430e+01,0.000000000000000000e+00,0.000000000000000000e+00
8.669999999999917861e+01,0.000000000000000000e+00,0.000000000000000000e+00
8.679999999999917293e+01,0.000000000000000000e+00,0.000000000000000000e+00
8.689999999999916724e+01,0.000000000000000000e+00,0.000000000000000000e+00
8.699999999999916156e+01,0.000000000000000000e+00,0.000000000000000000e+00
8.709999999999915588e+01,0.000000000000000000e+00,0.000000000000000000e+00
8.719999999999915019e+01,0.000000000000000000e+00,0.000000000000000000e+00
8.729999999999914451e+01,0.000000000000000000e+00,0.000000000000000000e+00
8.739999999999913882e+01,0.000000000000000000e+00,0.000000000000000000e+00
8.749999999999913314e+01,0.000000000000000000e+00,0.000000000000000000e+00
8.759999999999912745e+01,0.000000000000000000e+00,0.000000000000000000e+00
8.769999999999912177e+01,0.000000000000000000e+00,0.000000000000000000e+00
8.779999999999911608e+01,0.000000000000000000e+00,0.000000000000000000e+00
8.789999999999911040e+01,0.000000000000000000e+00,0.000000000000000000e+00
8.799999999999910472e+01,0.000000000000000000e+00,0.000000000000000000e+00
8.809999999999909903e+01,0.000000000000000000e+00,0.000000000000000000e+00
8.819999999999909335e+01,0.000000000000000000e+00,0.000000000000000000e+00
8.829999999999908766e+01,0.000000000000000000e+00,0.000000000000000000e+00
8.839999999999908198e+01,0.000000000000000000e+00,0.000000000000000000e+00
8.849999999999907629e+01,0.000000000000000000e+00,0.000000000000000000e+00
8.859999999999907061e+01,0.000000000000000000e+00,0.000000000000000000e+00
8.869999999999906493e+01,0.000000000000000000e+00,0.000000000000000000e+00
8.879999999999905924e+01,0.000000000000000000e+00,0.000000000000000000e+00
8.889999999999905356e+01,0.000000000000000000e+00,0.000000000000000000e+00
8.899999999999904787e+01,0.000000000000000000e+00,0.000000000000000000e+00
8.909999999999904219e+01,0.000000000000000000e+00,0.000000000000000000e+00
8.919999999999903650e+01,0.000000000000000000e+00,0.000000000000000000e+00
8.929999999999903082e+01,0.000000000000000000e+00,0.000000000000000000e+00
8.939999999999902514e+01,0.000000000000000000e+00,0.000000000000000000e+00
8.949999999999901945e+01,0.000000000000000000e+00,0.000000000000000000e+00
8.959999999999901377e+01,0.000000000000000000e+00,0.000000000000000000e+00
8.969999999999900808e+01,0.000000000000000000e+00,0.000000000000000000e+00
8.979999999999900240e+01,0.000000000000000000e+00,0.000000000000000000e+00
8.989999999999899671e+01,0.000000000000000000e+00,0.000000000000000000e+00
8.999999999999899103e+01,0.000000000000000000e+00,0.000000000000000000e+00
9.009999999999898534e+01,0.000000000000000000e+00,0.000000000000000000e+00
9.019999999999897966e+01,0.000000000000000000e+00,0.000000000000000000e+00
9.029999999999897398e+01,0.000000000000000000e+00,0.000000000000000000e+00
9.039999999999896829e+01,0.000000000000000000e+00,0.000000000000000000e+00
9.049999999999896261e+01,0.000000000000000000e+00,0.000000000000000000e+00
9.059999999999895692e+01,0.000000000000000000e+00,0.000000000000000000e+00
9.069999999999895124e+01,0.000000000000000000e+00,0.000000000000000000e+00
9.079999999999894555e+01,0.000000000000000000e+00,0.000000000000000000e+00
9.089999999999893987e+01,0.000000000000000000e+00,0.000000000000000000e+00
9.099999999999893419e+01,0.000000000000000000e+00,0.000000000000000000e+00
9.109999999999892850e+01,0.000000000000000000e+00,0.000000000000000000e+00
9.119999999999892282e+01,0.000000000000000000e+00,0.000000000000000000e+00
9.129999999999891713e+01,0.000000000000000000e+00,0.000000000000000000e+00
9.139999999999891145e+01,0.000000000000000000e+00,0.000000000000000000e+00
9.149999999999890576e+01,0.000000000000000000e+00,0.000000000000000000e+00
9.159999999999890008e+01,0.000000000000000000e+00,0.000000000000000000e+00
9.169999999999889440e+01,0.000000000000000000e+00,0.000000000000000000e+00
9.179999999999888871e+01,0.000000000000000000e+00,0.000000000000000000e+00
9.189999999999888303e+01,0.000000000000000000e+00,0.000000000000000000e+00
9.199999999999887734e+01,0.000000000000000000e+00,0.000000000000000000e+00
9.209999999999887166e+01,0.000000000000000000e+00,0.000000000000000000e+00
9.219999999999886597e+01,0.000000000000000000e+00,0.000000000000000000e+00
9.229999999999886029e+01,0.000000000000000000e+00,0.000000000000000000e+00
9.239999999999885461e+01,0.000000000000000000e+00,0.000000000000000000e+00
9.249999999999884892e+01,0.000000000000000000e+00,0.000000000000000000e+00
9.259999999999884324e+01,0.000000000000000000e+00,0.000000000000000000e+00
9.269999999999883755e+01,0.000000000000000000e+00,0.000000000000000000e+00
9.279999999999883187e+01,0.000000000000000000e+00,0.000000000000000000e+00
9.289999999999882618e+01,0.000000000000000000e+00,0.000000000000000000e+00
9.299999999999882050e+01,0.000000000000000000e+00,0.000000000000000000e+00
9.309999999999881481e+01,0.000000000000000000e+00,0.000000000000000000e+00
9.319999999999880913e+01,0.000000000000000000e+00,0.000000000000000000e+00
9.329999999999880345e+01,0.000000000000000000e+00,0.000000000000000000e+00
9.339999999999879776e+01,0.000000000000000000e+00,0.000000000000000000e+00
9.349999999999879208e+01,0.000000000000000000e+00,0.000000000000000000e+00
9.359999999999878639e+01,0.000000000000000000e+00,0.000000000000000000e+00
9.369999999999878071e+01,0.000000000000000000e+00,0.000000000000000000e+00
9.379999999999877502e+01,0.000000000000000000e+00,0.000000000000000000e+00
9.389999999999876934e+01,0.000000000000000000e+00,0.000000000000000000e+00
9.399999999999876366e+01,0.000000000000000000e+00,0.000000000000000000e+00
9.409999999999875797e+01,0.000000000000000000e+00,0.000000000000000000e+00
9.419999999999875229e+01,0.000000000000000000e+00,0.000000000000000000e+00
9.429999999999874660e+01,0.000000000000000000e+00,0.000000000000000000e+00
9.439999999999874092e+01,0.000000000000000000e+00,0.000000000000000000e+00
9.449999999999873523e+01,0.000000000000000000e+00,0.000000000000000000e+00
9.459999999999872955e+01,0.000000000000000000e+00,0.000000000000000000e+00
9.469999999999872387e+01,0.000000000000000000e+00,0.000000000000000000e+00
9.479999999999871818e+01,0.000000000000000000e+00,0.000000000000000000e+00
9.489999999999871250e+01,0.000000000000000000e+00,0.000000000000000000e+00
9.499999999999870681e+01,0.000000000000000000e+00,0.000000000000000000e+00
9.509999999999870113e+01,0.000000000000000000e+00,0.000000000000000000e+00
9.519999999999869544e+01,0.000000000000000000e+00,0.000000000000000000e+00
9.529999999999868976e+01,0.000000000000000000e+00,0.000000000000000000e+00
9.539999999999868407e+01,0.000000000000000000e+00,0.000000000000000000e+00
9.549999999999867839e+01,0.000000000000000000e+00,0.000000000000000000e+00
9.559999999999867271e+01,0.000000000000000000e+00,0.000000000000000000e+00
9.569999999999866702e+01,0.000000000000000000e+00,0.000000000000000000e+00
9.579999999999866134e+01,0.000000000000000000e+00,0.000000000000000000e+00
9.589999999999865565e+01,0.000000000000000000e+00,0.000000000000000000e+00
9.599999999999864997e+01,0.000000000000000000e+00,0.000000000000000000e+00
9.609999999999864428e+01,0.000000000000000000e+00,0.000000000000000000e+00
9.619999999999863860e+01,0.000000000000000000e+00,0.000000000000000000e+00
9.629999999999863292e+01,0.000000000000000000e+00,0.000000000000000000e+00
9.639999999999862723e+01,0.000000000000000000e+00,0.000000000000000000e+00
9.649999999999862155e+01,0.000000000000000000e+00,0.000000000000000000e+00
9.659999999999861586e+01,0.000000000000000000e+00,0.000000000000000000e+00
9.669999999999861018e+01,0.000000000000000000e+00,0.000000000000000000e+00
9.679999999999860449e+01,0.000000000000000000e+00,0.000000000000000000e+00
9.689999999999859881e+01,0.000000000000000000e+00,0.000000000000000000e+00
9.699999999999859313e+01,0.000000000000000000e+00,0.000000000000000000e+00
9.709999999999858744e+01,0.000000000000000000e+00,0.000000000000000000e+00
9.719999999999858176e+01,0.000000000000000000e+00,0.000000000000000000e+00
9.729999999999857607e+01,0.000000000000000000e+00,0.000000000000000000e+00
9.739999999999857039e+01,0.000000000000000000e+00,0.000000000000000000e+00
9.749999999999856470e+01,0.000000000000000000e+00,0.000000000000000000e+00
9.759999999999855902e+01,0.000000000000000000e+00,0.000000000000000000e+00
9.769999999999855333e+01,0.000000000000000000e+00,0.000000000000000000e+00
9.779999999999854765e+01,0.000000000000000000e+00,0.000000000000000000e+00
9.789999999999854197e+01,0.000000000000000000e+00,0.000000000000000000e+00
9.799999999999853628e+01,0.000000000000000000e+00,0.000000000000000000e+00
9.809999999999853060e+01,0.000000000000000000e+00,0.000000000000000000e+00
9.819999999999852491e+01,0.000000000000000000e+00,0.000000000000000000e+00
9.829999999999851923e+01,0.000000000000000000e+00,0.000000000000000000e+00
9.839999999999851354e+01,0.000000000000000000e+00,0.000000000000000000e+00
9.849999999999850786e+01,0.000000000000000000e+00,0.000000000000000000e+00
9.859999999999850218e+01,0.000000000000000000e+00,0.000000000000000000e+00
9.869999999999849649e+01,0.000000000000000000e+00,0.000000000000000000e+00
9.879999999999849081e+01,0.000000000000000000e+00,0.000000000000000000e+00
9.889999999999848512e+01,0.000000000000000000e+00,0.000000000000000000e+00
9.899999999999847944e+01,0.000000000000000000e+00,0.000000000000000000e+00
