accel_x (m/s^2),accel_y (m/s^2),accel_z (m/s^2)
-5.782503067768341755e-03,6.500014285475775103e-04,-9.808967089698251485e+00
-2.716457890415447350e-03,-1.085884246604981902e-02,-9.820042226289526610e+00
5.904507074778402032e-03,1.358440800466255384e-03,-9.792387186548619837e+00
-5.496428236447481420e-04,-2.946075958203857228e-03,-9.788777142672230980e+00
-4.068665734696282933e-03,3.360369582400607544e-03,-9.798981952494211001e+00
1.419636475444471932e-03,-8.419168161878123197e-03,-9.800375076927085871e+00
-9.389925944879913165e-05,4.585198789679183554e-03,-9.787073445699544294e+00
6.700013833756090532e-03,-9.809156039437014283e-04,-9.797874063870592565e+00
1.388960387891539916e-03,-1.279858554656765866e-03,-9.788482688776488416e+00
6.555543328916785565e-04,2.824910038710946696e-03,-9.781703724628849628e+00
-7.832172817412491952e-03,1.189959578194561655e-03,-9.809100663414865195e+00
-8.258379341316002958e-03,1.961087874169160049e-03,-9.785334896205901245e+00
4.979938793487096935e-03,3.453806277958163234e-03,-9.784822792480090570e+00
1.411829791449718124e-03,-5.838958177375550875e-03,-9.787394366830259429e+00
-3.845179632528075275e-03,3.064520811629715957e-03,-9.801194150277469319e+00
1.508266625772815587e-03,3.634292808306436879e-03,-9.785463089399659253e+00
1.184103222938245881e-02,6.227751068096603997e-03,-9.787019654086437370e+00
-4.480540796505773533e-03,1.015867340691809992e-02,-9.787449529446863750e+00
1.640988207588897369e-03,1.635046891846244233e-03,-9.778581796928060399e+00
1.767817040911827614e-03,8.066201147000439872e-03,-9.797894991939982035e+00
-7.131279047618663269e-03,-4.087900556606199713e-03,-9.786911723426369392e+00
-1.884985595163267890e-03,2.534669712040393797e-04,-9.783735659444447563e+00
-9.052109466911999755e-04,-1.258732523448795326e-02,-9.787036494984221235e+00
2.711376140708958958e-03,-6.161357882451999612e-03,-9.796620671327350038e+00
-1.294169965397441420e-03,4.173840309052735502e-03,-9.790333238629719048e+00
-2.274328778538009174e-03,5.208417826626694953e-03,-9.790853372019594048e+00
5.325665470181355048e-03,4.109074174584730239e-03,-9.797271668462256500e+00
3.978790128255245136e-04,-8.511873175663410562e-03,-9.796110758159603193e+00
-9.600834122297257267e-05,-3.951970866352751653e-03,-9.799772665896373525e+00
6.374815828994702567e-03,-5.396684578245004079e-04,-9.789190547215611105e+00
4.515364118612385548e-03,-7.353169116350072483e-03,-9.793573919572109432e+00
-2.587846499581797789e-03,6.326898711787726920e-03,-9.797802963602032733e+00
1.160474722768767633e-02,3.818366502012224013e-03,-9.796809630657996593e+00
-3.314192952117733706e-03,8.059699617166770844e-03,-9.790276349356556551e+00
1.581458289287387443e-03,-2.585627009665034896e-03,-9.795400022984097177e+00
-2.154139048393669724e-04,-7.461774540593084848e-04,-9.798667215403645159e+00
-3.028637921661574139e-03,1.113665087279415477e-03,-9.785334212251219910e+00
4.330222852879710106e-04,-7.579921153169746732e-03,-9.791772612062384695e+00
2.190083938765503054e-03,6.727919702600343096e-03,-9.791052254029745328e+00
-6.768890041546907904e-03,-9.868970112944777575e-04,-9.790320008854498823e+00
-3.305602505086290433e-03,-1.869189274360116490e-03,-9.788160623840411745e+00
5.158937793633831988e-03,-2.675838116546317455e-04,-9.773644126537602617e+00
-2.488094764918770407e-03,6.648464558992974535e-07,-9.785519221012293656e+00
-2.923841200835269416e-05,-4.059237432120241761e-03,-9.797494753563816161e+00
7.603678839889295264e-03,3.536431255420448283e-03,-9.806847337807953480e+00
-5.540286950138835834e-03,-2.999541756144102293e-04,-9.799453117237515443e+00
1.767881930286331485e-03,-6.831123199202097235e-03,-9.777260718579086074e+00
-8.726355720421826887e-04,1.194996572003421227e-03,-9.793114624295169435e+00
-6.053069624717363241e-04,1.683495384932660746e-03,-9.798676592137244512e+00
-7.738519257538173423e-04,-2.589163813827920647e-03,-9.799709004480201102e+00
1.473988801455554777e-03,1.774344749619626016e-02,-9.797718241832614083e+00
-3.518834828548422777e-03,-1.047152968334847615e-03,-9.793617497162271590e+00
-1.275503587539316775e-03,-6.481121093399665016e-03,-9.784540222182201319e+00
-6.023559448733562839e-03,2.729415934851979475e-03,-9.784368137639557261e+00
2.368160466239051503e-03,-3.410512443821169036e-04,-9.807485739162585148e+00
2.013691088393976616e-04,-1.514845187595174544e-03,-9.815273800043643249e+00
4.517052528963695353e-04,1.102862215050508590e-02,-9.796215685379815241e+00
9.371803243879858964e-04,-5.396975446349777487e-03,-9.796890253069864940e+00
-3.723897476192707980e-03,-8.920179877903484586e-03,-9.796393668534383536e+00
-8.683191372007060399e-03,-4.870799730657354373e-03,-9.794762288619086377e+00
1.895758663738639129e-03,2.231086960532431551e-03,-9.795168592837844912e+00
6.531284805726994720e-03,-9.444878120438681681e-04,-9.790532098295500418e+00
-4.181819439901927199e-03,-8.077512227480671686e-03,-9.792948051799763576e+00
7.499612596545647200e-03,1.611250966553628202e-03,-9.807496738643440182e+00
6.585324340185653123e-03,-2.560020436354326460e-03,-9.794797953887130149e+00
-1.189924215853380282e-03,-4.930325061223254923e-03,-9.812532794148683735e+00
8.652094951133133122e-03,1.893249160828773103e-03,-9.807337677969069745e+00
3.006469645109981388e-03,-2.687613839231832186e-03,-9.793143431205399096e+00
7.508424576400646484e-03,-2.818941356867611138e-03,-9.796426559589759719e+00
-7.898686353092656057e-03,-3.232219306211705882e-03,-9.796166659570030077e+00
7.346331865499608829e-03,8.141290872835508271e-05,-9.793511445626336354e+00
2.522574339413851383e-04,-2.650851302819997885e-03,-9.782671147697703518e+00
-2.946893834811444273e-03,-1.319406436123393887e-05,-9.788380340621639419e+00
-3.337816283102390882e-03,-9.204803148005112623e-03,-9.816136887885191342e+00
-7.238755482380756362e-03,-1.247654581097016159e-03,-9.784340117141018922e+00
-8.726121819128336218e-03,-3.044405353289659708e-03,-9.799329627989376235e+00
-8.391405607230766756e-03,1.318264092507671805e-04,-9.796974623426734752e+00
5.416362680913626784e-03,6.940646057214378169e-03,-9.792431063361124899e+00
8.519052583401911030e-03,6.331054295881741872e-03,-9.811124360916863907e+00
-1.202368113925185141e-03,1.746450934655980084e-03,-9.802055554468298126e+00
5.243917943275878913e-04,1.832616751493031234e-03,-9.790322838278123996e+00
1.979612404723590530e-03,-5.907884634521965751e-03,-9.765566920256995687e+00
-3.527204267090850668e-03,5.352636976023785256e-03,-9.786412708724908427e+00
2.221019748006495577e-03,4.511217922361181881e-03,-9.781211133216082487e+00
1.129216843483340539e-02,1.154979697700205758e-03,-9.798900225855692980e+00
-2.207454809545600881e-03,-2.527132382478949630e-03,-9.796849175110828867e+00
-8.429713338502213158e-04,2.044633220222348731e-03,-9.789005091680548887e+00
-2.809403112502124183e-03,-4.749408468595828691e-04,-9.798640358594150612e+00
-4.876911737407914511e-03,7.740263793865293646e-03,-9.784651753001998742e+00
1.422927504049630422e-03,-4.446579162204910944e-03,-9.807965688968288021e+00
3.909724184607466955e-05,5.004065641981844670e-03,-9.792693925098930663e+00
5.978143470698241667e-03,-5.549681848339851377e-03,-9.792918632557634950e+00
-3.766754648776535729e-03,-1.763743504260647252e-03,-9.802787847678191113e+00
-6.613718525480750260e-03,2.226035160004037703e-03,-9.787087181948159298e+00
-2.068509623989747085e-03,1.964650975317413714e-03,-9.782435378346992394e+00
1.469415192065717400e-04,-6.781450848346877837e-04,-9.799720678817159580e+00
3.591597602708235509e-03,-1.924484941522968057e-03,-9.793585529456985128e+00
3.532607980375213411e-03,-3.450852810228452385e-03,-9.794514631992003117e+00
3.747683090592133538e-03,5.763511200369711516e-04,-9.798615685118802432e+00
4.780364383553117706e-03,5.802048902653943532e-04,-9.789319699593072244e+00
-7.436286831632626763e-03,2.527035740410214504e-01,-9.800759929391691827e+00
-3.757308975341431320e-03,4.959488185778512803e-01,-9.783486847334593506e+00
-1.409110061479135374e-02,7.122218122146827257e-01,-9.800599375287784909e+00
3.251902252719756237e-03,9.031159379308213442e-01,-9.793791479658603194e+00
6.900444247657401900e-03,1.071008736836739361e+00,-9.781481772551110510e+00
-4.794432736994256802e-03,1.230611651278935348e+00,-9.780198246861424138e+00
-5.281415536124598950e-03,1.369383617750153936e+00,-9.800648454126539733e+00
1.605370272492297233e-03,1.493303638383360443e+00,-9.800184138127640665e+00
-1.064622580232280069e-03,1.602597050543712598e+00,-9.792689425006274817e+00
8.728497770688643104e-03,1.709096823794026054e+00,-9.791699406449565046e+00
-2.205276868054846257e-03,1.794613483106589857e+00,-9.796917085399869052e+00
1.706792049877266541e-03,1.866735014656488723e+00,-9.793492956031133900e+00
-2.224865713608444373e-05,1.952683031917759049e+00,-9.810516664586909741e+00
-4.532724842812751141e-03,2.020379619636591517e+00,-9.786996262556638015e+00
-2.696721230940569633e-03,2.068758974406597950e+00,-9.805033703263534406e+00
1.632296401148385437e-03,2.131454551209114534e+00,-9.789939607311564984e+00
-8.277401178171146442e-03,2.191994247103670190e+00,-9.779365376479693950e+00
6.784885002103040880e-03,2.212311316415258133e+00,-9.793957439266259613e+00
-6.993970220151325950e-04,2.261666809355115326e+00,-9.803976688388038596e+00
7.929857041229549514e-03,2.303390550700965544e+00,-9.801095257068565658e+00
-2.696630046031649620e-03,2.329857341539209425e+00,-9.791624706827954938e+00
1.167755509431488495e-02,2.368546167883998077e+00,-9.795702782975732603e+00
-4.001872229886490988e-03,2.384768259490246844e+00,-9.803054317815369956e+00
1.116559664584036542e-02,2.403527802166461669e+00,-9.787072657250734053e+00
1.652653578451101059e-03,2.436855867707895751e+00,-9.808245681334657462e+00
-4.511584217096330403e-03,2.447181809032727973e+00,-9.806321630738658257e+00
4.695517144613226956e-04,2.458953348410012119e+00,-9.802867291400305660e+00
3.457558907021409268e-03,2.478212804520989021e+00,-9.787086754679947376e+00
1.912958237170808576e-03,2.503808770040045317e+00,-9.795951344296254248e+00
-4.347130325511738488e-03,2.504678024596200814e+00,-9.796161940495009546e+00
-3.350593993626437006e-03,2.523045448341697305e+00,-9.792342252483203779e+00
2.324328455124835026e-03,2.531493168217487710e+00,-9.788498754613502939e+00
6.974930013571235127e-03,2.532319944677997814e+00,-9.783873305404739540e+00
1.394737583215814938e-02,2.545681054882200200e+00,-9.797830911151150346e+00
-4.437835588700055935e-03,2.552205923708411817e+00,-9.797203533613954463e+00
-5.222766276969940252e-03,2.559893087243809262e+00,-9.798803216882005174e+00
-4.762985904476738259e-03,2.565077847808445277e+00,-9.796676378112904260e+00
1.013345000774165151e-03,2.561337729148200903e+00,-9.784093873494105864e+00
-5.086575751440922805e-03,2.576196148938403763e+00,-9.793195279558720046e+00
-6.365035762096319868e-03,2.584991975444679735e+00,-9.796809307617953877e+00
-8.453002891905652891e-03,2.582931140234548728e+00,-9.794172226004226545e+00
8.433046602545169607e-03,2.586239562028012084e+00,-9.801225465484190380e+00
-5.527310120053242426e-04,2.586684733289530858e+00,-9.785251567868026967e+00
-1.199305080747210036e-03,2.595589296466651152e+00,-9.799673013109766018e+00
-7.705177135969254638e-03,2.596443274689708147e+00,-9.789975489832817956e+00
9.241611512668893719e-03,2.593054366500686214e+00,-9.799951751850478843e+00
5.717810935547533793e-03,2.607087828438601651e+00,-9.800635289985736520e+00
5.096229899727127734e-03,2.603409115304558430e+00,-9.804182861521708148e+00
-9.127315325323121517e-04,2.613084713765175149e+00,-9.790202251731324523e+00
-3.100789390886299953e-03,2.603161443960708255e+00,-9.801071905269632012e+00
5.741760121614132226e-03,2.600634316938946977e+00,-9.783970310399803694e+00
3.013162784968224320e-03,2.597713979551709684e+00,-9.799703037207834200e+00
-2.165325921693727913e-03,2.614249104858298089e+00,-9.811359807038554592e+00
-1.867673329364770733e-03,2.611045898847292435e+00,-9.805864743154605989e+00
5.489337250071473460e-03,2.621187360748321371e+00,-9.798543695724776015e+00
9.267875955295195450e-03,2.621758673881462887e+00,-9.796794542515826265e+00
5.215630317457067107e-04,2.609474638940048052e+00,-9.790026539460745525e+00
3.871636331316684939e-03,2.622422011038695988e+00,-9.777369678560875244e+00
1.358941794791316540e-03,2.616651342937490465e+00,-9.802496981167982071e+00
1.126661711111633102e-02,2.613383722599453396e+00,-9.795475796019534442e+00
4.245483347250736395e-03,2.614029795273685952e+00,-9.791314170784326976e+00
-2.457695152059147150e-03,2.600300002174454228e+00,-9.804196086876736160e+00
-1.073769562266586831e-03,2.615858734344182590e+00,-9.786973752243062208e+00
-5.110041134378636753e-03,2.618265531470133300e+00,-9.803820081019535948e+00
-1.608893618608907283e-02,2.601484124692572397e+00,-9.797262598301076153e+00
1.248535430646153122e-03,2.616822513993389610e+00,-9.781739898853736292e+00
-9.570384755464619170e-04,2.620160779331539125e+00,-9.799209456589970557e+00
-5.673767288940228214e-03,2.612437840547501278e+00,-9.781354376499921344e+00
1.689323169531434634e-03,2.613933174534308179e+00,-9.798678023293831529e+00
-5.615352488063708042e-03,2.606744161853828512e+00,-9.798317644825614181e+00
-1.003427041186222930e-03,2.621840961753416632e+00,-9.803162311252798133e+00
-7.494566468870876401e-04,2.611781893971294455e+00,-9.806669333176495584e+00
-2.999959438971732187e-03,2.618255422084150297e+00,-9.787502083048272183e+00
-5.107496417973016872e-03,2.611748604340189850e+00,-9.788695777176416257e+00
-3.420403398660527578e-03,2.613213779964412620e+00,-9.787295496047708099e+00
-3.163991910657784970e-03,2.615793137558536596e+00,-9.798237219850108204e+00
-5.102910488212369401e-03,2.612952128819856501e+00,-9.789966793771343490e+00
-2.434264920214622169e-03,2.622294796130833827e+00,-9.789315857271652987e+00
-6.766229881891081335e-03,2.613557389583371027e+00,-9.792442995764449876e+00
-3.193931971343567759e-03,2.614331483188204963e+00,-9.790233407388482689e+00
-5.194978202719999910e-03,2.619911705063360241e+00,-9.789707794451524947e+00
-1.478377391323460518e-03,2.620336002020458910e+00,-9.810141663430901104e+00
-5.987542934491969261e-03,2.609304204205117994e+00,-9.806856167662914459e+00
-1.062395627222847624e-02,2.616756392286438970e+00,-9.797381999406368891e+00
-1.003966129554097371e-02,2.615880900820698685e+00,-9.795678950251639705e+00
1.072315695864472064e-03,2.615602101860766915e+00,-9.790296778590839466e+00
1.247341858513564307e-02,2.615064507287411910e+00,-9.798778789154424018e+00
-4.430851973538734410e-04,2.613970971982437774e+00,-9.799090335849930611e+00
-4.832642352490028326e-03,2.619479657003242590e+00,-9.791442151827528306e+00
2.103156268054981546e-03,2.612940033975897691e+00,-9.791798736546343918e+00
3.431476269716968088e-03,2.619557034712239663e+00,-9.806306011087473351e+00
5.266225507333893024e-03,2.607272974961492906e+00,-9.790832720071794171e+00
1.560082299035485572e-03,2.621317348356293042e+00,-9.786550307392953840e+00
7.022293474935466587e-03,2.610596967241716637e+00,-9.790251749784269819e+00
-2.976958676844693175e-03,2.617166693208604400e+00,-9.788971875226172514e+00
-1.668761775306759274e-02,2.616585097125951442e+00,-9.797999947336000659e+00
2.090300404903464720e-03,2.619247819926242560e+00,-9.806355505745427692e+00
-3.117151090867495249e-03,2.619530675039021705e+00,-9.808024013168470390e+00
-3.526202178749744589e-03,2.621020552517911995e+00,-9.783492689383990637e+00
8.967500603742557027e-04,2.612517517097503017e+00,-9.806123543658118891e+00
4.445274329490316902e-03,2.622860019818236132e+00,-9.794392560681833615e+00
-5.916868005304149955e-03,2.622840016819756759e+00,-9.802549343871200804e+00
5.549330440313065410e-03,2.621473396184006877e+00,-9.802395667639418164e+00
6.552578012335431162e-03,2.619384839247358876e+00,-9.778730626720582464e+00
-8.711642816482140922e-03,2.619027602410844313e+00,-9.801095839402357512e+00
-3.582390358481829257e-03,2.619674752457893607e+00,-9.802144572015663471e+00
-3.139291637879583572e-03,2.616341682274199609e+00,-9.796958411042538728e+00
-1.708721407465651349e-03,2.619592290441780325e+00,-9.797759868033244501e+00
3.942626756155470126e-03,2.624415572875897773e+00,-9.786956999672220547e+00
7.340458414440868135e-03,2.618776919828619931e+00,-9.794188769980843645e+00
-6.119797104602918512e-04,2.624918672264397124e+00,-9.782525704527758492e+00
-4.567879191767775003e-04,2.607903963327259156e+00,-9.790807138931725717e+00
-1.420248164794952030e-03,2.627362578091773759e+00,-9.807652058272452678e+00
-5.898754415244921757e-03,2.616237187017586230e+00,-9.790470012951862699e+00
9.119517906830518390e-05,2.611650682347709473e+00,-9.796208445285561339e+00
-1.090320758728762553e-04,2.620969100561030274e+00,-9.795536269465159762e+00
-3.230148800883079433e-04,2.623785073624571584e+00,-9.786104285953712179e+00
5.105990226149120619e-03,2.625587274012598282e+00,-9.796822324986642627e+00
-6.823038506340145179e-03,2.611419396514307767e+00,-9.804612986949626574e+00
1.004334099487691912e-03,2.624770679828826392e+00,-9.787671214057159119e+00
-4.198163671518840082e-03,2.615507362312091910e+00,-9.785331693258909169e+00
2.396796365812582565e-03,2.619307003678128964e+00,-9.796817323099130448e+00
5.149207038819453124e-03,2.623665558636946837e+00,-9.782286433168732032e+00
-3.308255863458382882e-04,2.616502242345460250e+00,-9.793590098889277229e+00
5.321692948639808463e-03,2.610513336897235526e+00,-9.791586689581516012e+00
-3.062292049609554190e-03,2.615014985469426456e+00,-9.792678337776063557e+00
-1.544579256599743454e-02,2.608795771676660546e+00,-9.796629429077311713e+00
1.188246371133003590e-02,2.618322997889714010e+00,-9.798587407465317867e+00
-2.201045849801845644e-03,2.620154923393926527e+00,-9.796191693282910506e+00
2.288249447441516576e-03,2.614808928039003888e+00,-9.791850949842844543e+00
-3.223340229150690930e-03,2.623080373651498931e+00,-9.796054731089258283e+00
4.414575034025460844e-03,2.627800393641108290e+00,-9.789122780568217053e+00
-3.784115215161718525e-03,2.612740255552968183e+00,-9.799081719990708095e+00
-2.498448391740438167e-03,2.611294863270554156e+00,-9.798325162734119687e+00
-4.720365219786778858e-03,2.620308120724268441e+00,-9.787401027838713574e+00
2.219525572943536335e-03,2.617039703244000481e+00,-9.797124955008452929e+00
-1.081047836858677318e-03,2.620017235363215846e+00,-9.782952014815704089e+00
-5.107297854388830743e-03,2.626980281836470255e+00,-9.798747387363086148e+00
4.009574270364086278e-03,2.612626561802629421e+00,-9.786413049167210332e+00
4.090765587787351131e-04,2.613463519285175174e+00,-9.803426292821143306e+00
4.376122572663937622e-03,2.619388620699511616e+00,-9.772400526423389522e+00
9.474849770358399065e-03,2.622522792518656942e+00,-9.798551370535623306e+00
-4.278657328618769295e-03,2.619747821402989452e+00,-9.790511563657830152e+00
4.424987849018774573e-03,2.618846583464845779e+00,-9.791470049750525817e+00
4.242778077420502301e-03,2.617687417118345294e+00,-9.785347579493837600e+00
-7.689629193249151182e-04,2.618104114785528846e+00,-9.799985242909713179e+00
-6.070672751425159122e-03,2.622617564687022007e+00,-9.796704487590135457e+00
5.309958753178841383e-03,2.624517800077685870e+00,-9.797134387395370680e+00
-6.341283847887852236e-04,2.615037307595567739e+00,-9.779835872194380997e+00
2.885643226295665168e-03,2.611813364036314589e+00,-9.781190518649871990e+00
-6.083639282683346410e-03,2.616499849744832851e+00,-9.796988198675904869e+00
-3.002262959468273394e-03,2.617117958875919914e+00,-9.797266722951627926e+00
-7.800056855850218693e-04,2.621975125556971431e+00,-9.804108017060700675e+00
-4.095974353109784957e-03,2.625377684672882239e+00,-9.783278357168963879e+00
5.565898884301927370e-03,2.619990511687673163e+00,-9.782767521984089498e+00
4.888027055403911794e-04,2.620853298700021483e+00,-9.808768402610002823e+00
-1.067741718883373275e-03,2.612293513784294863e+00,-9.809539848782369731e+00
2.828686711665369283e-04,2.619950100520672898e+00,-9.801426396928862417e+00
-4.936372592258860513e-03,2.616024730110000363e+00,-9.798158452762299575e+00
8.708213117019643996e-04,2.619385057201529587e+00,-9.785213142073803994e+00
-5.036573153993717869e-03,2.627553511956259413e+00,-9.801342176713722765e+00
7.499927236173775831e-03,2.624595705654073630e+00,-9.779507116423186375e+00
-3.129974132629231159e-03,2.617955165574381127e+00,-9.792042396432373508e+00
-2.897485876984449028e-03,2.610656140295076533e+00,-9.786290432457072086e+00
2.406356629921515243e-03,2.624016671383600841e+00,-9.794564070855248161e+00
-4.542044722380712829e-03,2.607226463781828762e+00,-9.805081308527920925e+00
-4.008771902317546584e-03,2.623529751942116572e+00,-9.782207929045435790e+00
-7.505567817950370348e-05,2.628862301789739231e+00,-9.788984487057438955e+00
-4.657806973633905716e-03,2.613309725686128626e+00,-9.786492803132430751e+00
-5.515563604233038840e-03,2.623368624302035101e+00,-9.790968957479867285e+00
5.134137384738221739e-03,2.621719908545955935e+00,-9.791665636544349738e+00
6.975194196094870042e-03,2.616889616421743447e+00,-9.797520513435831191e+00
7.277807515788588776e-03,2.619619693400804916e+00,-9.803838181250840833e+00
-4.101021138078165054e-03,2.621317642639652501e+00,-9.785036953560581452e+00
1.590716529995249776e-03,2.621926894214344994e+00,-9.797517487902968725e+00
-3.418634970436540410e-03,2.621191833311702357e+00,-9.789562133848580316e+00
-8.073537339169952962e-03,2.624370485295444588e+00,-9.795158552690494957e+00
5.535322560441734326e-03,2.612565558545974831e+00,-9.804290955461093304e+00
-6.800701131874581709e-03,2.627874306323950471e+00,-9.807947013630428756e+00
1.668128174806067900e-03,2.623859627688115204e+00,-9.786055123605915895e+00
-1.236739220266586982e-02,2.613448438995404466e+00,-9.796001082707137542e+00
-8.226503928354488362e-03,2.615465148234714210e+00,-9.792120162512302883e+00
6.692833644682132143e-04,2.621273475198813152e+00,-9.791203013154603951e+00
8.311059416987148785e-03,2.621640004524329992e+00,-9.794668436667217648e+00
3.289449060563045743e-03,2.616338838470288586e+00,-9.786849374852064187e+00
-3.546812095364853049e-03,2.612206234676353045e+00,-9.792475224352266139e+00
-7.397424993506751360e-03,2.618670011082864235e+00,-9.802697619621154601e+00
-9.557808833855159503e-03,2.621602131846803463e+00,-9.785181776152285238e+00
3.059564008668966880e-03,2.621936879833935308e+00,-9.795742159464964516e+00
-6.094832639707232829e-04,2.619615797062195828e+00,-9.798321531726834621e+00
3.545854472156398807e-03,2.612993522217822218e+00,-9.787998484723296144e+00
3.317323116445548142e-03,2.608169729303856155e+00,-9.790321244194222672e+00
3.785179500152991566e-03,2.624419125299771949e+00,-9.791391779601438472e+00
-1.111654310494185382e-03,2.613506429452487456e+00,-9.778700860175234766e+00
1.152352388183198193e-03,2.613196914178643304e+00,-9.801579786494851732e+00
8.061370472340451902e-04,2.625167284039148452e+00,-9.791531008701875649e+00
-4.820199258756104055e-03,2.608982912764988171e+00,-9.806772609488422887e+00
1.077168124344128836e-03,2.611072346217791829e+00,-9.785825123378925738e+00
-4.462647865717536862e-03,2.623874946368663696e+00,-9.802806983283961273e+00
-2.583324237569027074e-03,2.626764672153125701e+00,-9.799719922653865822e+00
4.909942899223102702e-03,2.622735135223375647e+00,-9.801987794668360010e+00
2.606768427842356245e-04,2.613136091461057298e+00,-9.796096633550760657e+00
5.656347902184800762e-03,2.621639128040874844e+00,-9.800846527363397342e+00
2.940458626020703986e-03,2.614671602509958781e+00,-9.813948243858241938e+00
-1.095144552950864242e-02,2.607393992026435292e+00,-9.783964628566812038e+00
5.478869430368071836e-03,2.614125571254898972e+00,-9.791851082895915326e+00
-1.973429899146208078e-03,2.607978537354673776e+00,-9.810844908538458142e+00
1.875734326516549904e-03,2.617484062610626161e+00,-9.787617616231793605e+00
-5.184270940500322090e-04,2.616521651450029573e+00,-9.810120944640138063e+00
9.651467734192648897e-04,2.620317959786503614e+00,-9.797899385941596151e+00
-1.397488236412986525e-03,2.620567352920109006e+00,-9.796453320703056633e+00
3.382829050899236606e-04,2.615265924732953717e+00,-9.783449287488076962e+00
-1.299142148082901285e-03,2.613508533910029907e+00,-9.815177968754609239e+00
5.008159729085731766e-03,2.624571212274809273e+00,-9.787989692854925039e+00
-7.444259386603782787e-03,2.613122901444493884e+00,-9.795709035444879476e+00
8.963506025003765976e-04,2.614163571996708679e+00,-9.792224822179020904e+00
4.827568001482289081e-03,2.622201736520644921e+00,-9.798840611032723302e+00
-3.791568302433218594e-03,2.611732160235093581e+00,-9.782230676877714970e+00
-3.155161435536960740e-03,2.614440844695044674e+00,-9.790369269198869517e+00
5.226754238121075931e-03,2.609692364007601739e+00,-9.782727702534677050e+00
-3.302717870440007985e-03,2.606789704404265162e+00,-9.789240809109152508e+00
4.147083251947660844e-03,2.616293078471497946e+00,-9.779705461626667429e+00
1.039891119948721564e-03,2.623314224433344055e+00,-9.781632601328238863e+00
5.246812533348192139e-05,2.624823519142388761e+00,-9.815202644412966748e+00
-2.552075658049569266e-03,2.616304558207752873e+00,-9.789385255880203474e+00
3.943983417554542889e-03,2.616828863980546593e+00,-9.795806063913953921e+00
-3.425543331463730239e-03,2.622979438528129759e+00,-9.788998607001996533e+00
1.334285912766199587e-02,2.631438430832483633e+00,-9.780022110836004146e+00
1.488019808474274437e-03,2.614482039384824485e+00,-9.797863945159647869e+00
3.109567665225634707e-03,2.619398804054029473e+00,-9.790009447430657374e+00
9.723503317387865649e-03,2.616354149585149447e+00,-9.798569801333655960e+00
-2.257812403559016166e-03,2.614839744326467930e+00,-9.797193826270810035e+00
4.814284399515392394e-03,2.617429981349351120e+00,-9.795544775738081356e+00
6.249312990013022873e-03,2.614729022069124831e+00,-9.782053644634350675e+00
-2.272465531615423546e-03,2.624761918189701948e+00,-9.795974266882044645e+00
-3.412723462721832957e-03,2.615629960882320582e+00,-9.802969363222411303e+00
-6.211143680938813715e-03,2.614397862974604969e+00,-9.798524322807715237e+00
3.348926721239504651e-03,2.616926397550667804e+00,-9.794677417000315245e+00
6.195892951411089387e-03,2.629033753353578806e+00,-9.800451090450826186e+00
-3.780408477975522302e-03,2.623405599592149251e+00,-9.797066750373067734e+00
-3.583398362720100708e-03,2.612772639821584253e+00,-9.803870430168332817e+00
5.028348588987942812e-04,2.622317328667741698e+00,-9.785011895054843478e+00
7.445874781041547305e-03,2.612430190310797151e+00,-9.796534968857709913e+00
1.445008067376798164e-03,2.611012726825415520e+00,-9.808043247864514314e+00
2.702565253201104324e-05,2.614102246870109614e+00,-9.784874931475082249e+00
3.931974828373656534e-03,2.611995146663699252e+00,-9.786160072503038876e+00
-6.748775807015911822e-03,2.609748230222208587e+00,-9.792320371002869450e+00
3.918502557726065774e-03,2.615832558143687869e+00,-9.798389787135725726e+00
-6.846317306799951097e-03,2.622663383487465083e+00,-9.792177856113934098e+00
1.655316537068798931e-03,2.615528446142018293e+00,-9.789384044932798901e+00
-3.324329867946605429e-04,2.614806838572200753e+00,-9.798417504327453287e+00
-2.299823696387446725e-03,2.620534000589676449e+00,-9.789414183319820495e+00
-6.123213736208653465e-04,2.620782853198832196e+00,-9.797181633526383493e+00
-6.813692575366198795e-03,2.622578232565987211e+00,-9.787562307756463298e+00
3.565594960448759641e-03,2.617350475167552482e+00,-9.799384331541222792e+00
9.633060231542056942e-03,2.623744820062245076e+00,-9.800314795307084381e+00
-1.572867148120285496e-03,2.616948889656815158e+00,-9.785600073770085672e+00
-4.977119467941067306e-03,2.605222889049645385e+00,-9.795012270040421853e+00
6.876101214910270917e-03,2.617194961640307405e+00,-9.801701010315609253e+00
-4.902826610730013322e-03,2.610862708787927922e+00,-9.790532679378991077e+00
1.812511254162451659e-03,2.618133556166982068e+00,-9.782742534127482514e+00
-1.360758981990106307e-03,2.621795456892008325e+00,-9.800857054332386298e+00
-1.742399280349550160e-03,2.631372904914375699e+00,-9.797174220540723510e+00
-6.799163810898904876e-03,2.620248759912258585e+00,-9.796731081390618101e+00
-7.221726127899993040e-03,2.619707350128530177e+00,-9.803718972092203998e+00
6.390028641930918215e-04,2.606367502874071818e+00,-9.780641850926082626e+00
-7.670301527692662382e-04,2.619111060135500324e+00,-9.795832671125342728e+00
2.045399347103794645e-04,2.613620870221366577e+00,-9.792955732924584211e+00
4.618764914364429687e-03,2.609808454478717010e+00,-9.798272295607997506e+00
-4.055140751921045006e-03,2.609545761474324266e+00,-9.799416621023420149e+00
6.159610473786975840e-04,2.614706472467164033e+00,-9.787721992165252516e+00
5.081061785815778331e-03,2.619644087834400281e+00,-9.793378516660814270e+00
2.464165759484630933e-03,2.619764391070548371e+00,-9.795274423891827453e+00
-1.045905820979313580e-03,2.619994077068034777e+00,-9.785609955533068671e+00
6.675027979435295931e-03,2.615716538465172825e+00,-9.788201886685033770e+00
-2.644730852327678572e-03,2.622661649238972270e+00,-9.784976590786738981e+00
-1.835221329555686938e-03,2.613270766296206915e+00,-9.780352701230647483e+00
-1.417075525786445911e-03,2.624061398309961213e+00,-9.787063987138141741e+00
-9.579704018483763432e-04,2.618543768868435428e+00,-9.799015215871914819e+00
5.084484852749334045e-03,2.619484496527886286e+00,-9.804738979071837335e+00
3.769027062997057538e-03,2.617213894464345270e+00,-9.806065489357212783e+00
4.808892812681455492e-03,2.622718105628769614e+00,-9.797278682702199148e+00
-2.197494816654310072e-03,2.628695623682070437e+00,-9.788382723535164587e+00
1.564142253600717602e-04,2.619156298022138341e+00,-9.770642193365475237e+00
1.167089792166991894e-04,2.618201494195618650e+00,-9.785684574257723867e+00
2.018246343028676226e-03,2.621532395100083068e+00,-9.802130695637945479e+00
6.592430758674418896e-04,2.615555653150198001e+00,-9.796648195085666089e+00
-6.914315281715203119e-03,2.617700549530629139e+00,-9.782631574388354068e+00
-6.206263783986776597e-03,2.615443958257730461e+00,-9.797472875256653779e+00
4.849082860428046739e-03,2.615382081424371563e+00,-9.804287917222648474e+00
-4.865006620007660508e-03,2.612218515307145772e+00,-9.796889515979264829e+00
4.164039098970694075e-03,2.623091640299153759e+00,-9.794651223990072708e+00
1.660856531498281852e-03,2.616592220326695362e+00,-9.784488630057964542e+00
6.505737926176507167e-03,2.626275478411391973e+00,-9.787748432521430786e+00
9.582728847841217581e-04,2.620215586486874582e+00,-9.808485308471720288e+00
3.603072385334779408e-03,2.619504693336470069e+00,-9.793190183303456919e+00
-2.030469171932822604e-03,2.621156104788569863e+00,-9.790043172549605544e+00
-5.261656214421876277e-04,2.612199348707620494e+00,-9.789735048273715989e+00
-3.731343181929115248e-03,2.612595511575670493e+00,-9.795679512345955686e+00
-1.283874129705206380e-03,2.620156130854671250e+00,-9.805522931587322688e+00
-2.210237742635365408e-03,2.614276131619691856e+00,-9.790136866685790196e+00
1.356451151460377931e-03,2.620649419670331604e+00,-9.788918855232688898e+00
-2.092761985393709720e-04,2.615906919697711164e+00,-9.796603414969411006e+00
1.540229288451548401e-03,2.620685596388700578e+00,-9.798682704712597058e+00
6.505732642251686043e-03,2.612761290041931250e+00,-9.785941010080851044e+00
-6.054591249876104626e-04,2.617926400468633563e+00,-9.798809660927126686e+00
-6.408424403462567196e-04,2.621079654463734698e+00,-9.788343641965939312e+00
2.405739626321687277e-03,2.623858594727105142e+00,-9.798385250085326348e+00
-4.365211027634265453e-03,2.617762231204552315e+00,-9.801850879919967952e+00
-1.024392587331095748e-02,2.622262001005659648e+00,-9.789117326897891047e+00
3.713684608300987788e-03,2.610157104205142353e+00,-9.796747578111268950e+00
-1.116852376491944817e-03,2.620088586045413503e+00,-9.787845031224943426e+00
4.004836150290643978e-03,2.616260834160063720e+00,-9.797841970560819291e+00
9.868825036370876269e-03,2.613326891102299321e+00,-9.805242847700160524e+00
-3.885610313417955279e-04,2.614884183667983919e+00,-9.786091387486575144e+00
-3.262538063317337207e-03,2.606312420329968127e+00,-9.799650734786627737e+00
-1.053747505629390631e-02,2.623841247457190384e+00,-9.789883802283496195e+00
-1.894300155849991570e-03,2.622013704009430235e+00,-9.779570984706829506e+00
-4.064222584369233705e-03,2.611648210175336438e+00,-9.791274778683250801e+00
-4.972344922430351789e-03,2.618142213106923410e+00,-9.788233477504897806e+00
1.776323355476786903e-03,2.607285020617220006e+00,-9.783889724699440293e+00
8.517828533318223426e-04,2.623468889147347216e+00,-9.790960047168965730e+00
-6.957395753504939766e-03,2.617168884555350683e+00,-9.787718475265485552e+00
-5.849712586294688113e-03,2.615418281104293197e+00,-9.790467005251379362e+00
9.774562491676797081e-06,2.616047941356454132e+00,-9.791770635214628982e+00
-2.092669809907949860e-03,2.622538923871282623e+00,-9.791248597241727580e+00
1.190162982578101339e-02,2.622733030876098770e+00,-9.791800526512243863e+00
-4.073935953534082305e-03,2.620674109798780016e+00,-9.805408554049078518e+00
-5.918556662326425639e-03,2.627291480309600580e+00,-9.776726608148445408e+00
7.198689139277784921e-03,2.617392982576896898e+00,-9.792856729132576987e+00
-1.842305164833270541e-03,2.614512536885220673e+00,-9.797627393832806675e+00
-2.190329236512034757e-03,2.619601924788587777e+00,-9.795684457950972757e+00
-2.851707253310734567e-03,2.617691732102759516e+00,-9.790649918281228992e+00
3.739455634381124056e-03,2.620835695349506889e+00,-9.795853223002518817e+00
-9.388992580520031869e-03,2.616314771149133467e+00,-9.804690876677712552e+00
1.263379078533736176e-02,2.614370391620116418e+00,-9.799458850529823906e+00
-9.999697166840101729e-04,2.618281130040773785e+00,-9.791254036935457705e+00
-6.505882222589445514e-04,2.626695490761433938e+00,-9.797353934566308098e+00
-1.480031107042158536e-04,2.617563524455009727e+00,-9.797543087406559437e+00
-2.218615984186374495e-03,2.619588905887496821e+00,-9.789569246228959187e+00
-4.643002334190676240e-03,2.621319558870882638e+00,-9.788335386446423314e+00
1.207991661591349903e-03,2.607746127186167051e+00,-9.797906998615427909e+00
9.721625442466998168e-03,2.621685075038111545e+00,-9.793286229792720121e+00
-4.614885492842084845e-03,2.631369464934810942e+00,-9.790118564759096031e+00
-2.086939081439596281e-03,2.626881902504762945e+00,-9.782527727744469104e+00
1.211644682379244692e-03,2.619170323031891900e+00,-9.787359710326308360e+00
-6.353382811312968496e-03,2.612384260275987913e+00,-9.805526558501421519e+00
-2.125722234834848210e-03,2.616973907837863322e+00,-9.798277403525011309e+00
-5.044068122419754965e-04,2.614919482781884241e+00,-9.801615924238104682e+00
-1.327044273145698864e-04,2.610692057392689502e+00,-9.795017189563846927e+00
-1.196036954263673003e-03,2.618291072361477845e+00,-9.800364792442382011e+00
-1.028971904844336012e-03,2.618128588996226469e+00,-9.798029658540741593e+00
-1.162330633699034917e-03,2.625747010264031012e+00,-9.797546685637342989e+00
4.670704543531084205e-03,2.618417989640939414e+00,-9.799711619622710757e+00
-4.111069507280760982e-03,2.621694614476613339e+00,-9.779130189085753599e+00
-2.270436916695920803e-03,2.614252081799409932e+00,-9.786581084889235171e+00
-3.061328430892390658e-03,2.617532226016778374e+00,-9.787967729350022239e+00
3.318129966428160979e-03,2.614926121333991382e+00,-9.789999724875427134e+00
-7.650916042713383838e-03,2.618811468693215794e+00,-9.788530788498828628e+00
1.763630124726597512e-03,2.608067840777128499e+00,-9.773857527856810279e+00
7.028601081067888286e-03,2.609710548667501406e+00,-9.801555042869894763e+00
-7.396612263766915536e-04,2.613434404948837830e+00,-9.787064154476217581e+00
-3.971899674641933553e-03,2.620263357186920494e+00,-9.796848989195829915e+00
-9.960119454242053610e-03,2.618480815933920347e+00,-9.801173405317628706e+00
4.502542738797203105e-04,2.629333974984838118e+00,-9.797407288799366398e+00
3.564851729136248379e-05,2.622910178972241102e+00,-9.800281348329408004e+00
-7.845438201584490137e-03,2.607400653055925499e+00,-9.803853740969437069e+00
-7.592217423781184252e-04,2.611739335716349864e+00,-9.798924045744161759e+00
2.830718811359208414e-03,2.614408618142705532e+00,-9.782646096166763172e+00
-1.254581165214361995e-03,2.623735322168521122e+00,-9.798126029391767133e+00
-3.449958471958154346e-03,2.624083790941369010e+00,-9.789504710330598769e+00
1.277443039878134933e-03,2.620083581500899594e+00,-9.784846966408988322e+00
-4.959616740664550549e-04,2.612915262582547804e+00,-9.783152812209975124e+00
2.820537192757503883e-04,2.617484036734268660e+00,-9.797920095825631392e+00
-1.456738040460035669e-03,2.611473568400678680e+00,-9.806920095642723822e+00
2.453786861819693202e-03,2.620584713179987535e+00,-9.796293290259306730e+00
-6.548498376648423207e-03,2.617749005451306843e+00,-9.803095433131733927e+00
3.900481742140028164e-03,2.625034216751775951e+00,-9.780577272245283282e+00
-1.036637152212627243e-03,2.621164650016024833e+00,-9.800056324673283470e+00
-4.811409707995631738e-03,2.613521538100648467e+00,-9.803571441503569517e+00
3.074946651864002289e-03,2.620838684624207549e+00,-9.801531045952348364e+00
4.143958181047288809e-03,2.620395717743131403e+00,-9.796306694951354643e+00
1.816612331107685758e-03,2.625580227839964031e+00,-9.800516910465548293e+00
-4.028297761217655010e-03,2.607924222282950844e+00,-9.796158383880525733e+00
1.807722097041473486e-03,2.617550458827399673e+00,-9.800395934078190763e+00
3.795392752938500256e-04,2.623134911113714107e+00,-9.780990787237588080e+00
-5.387346133982485151e-03,2.625405591958560603e+00,-9.794470493821572532e+00
-5.191527125633013141e-03,2.617498933212789147e+00,-9.790122942570928188e+00
5.043385865651952953e-03,2.611479625342484567e+00,-9.766936680856776576e+00
-4.188215213772818364e-03,2.619425294681853256e+00,-9.787472300607785058e+00
9.659735672249572871e-04,2.621386132539490266e+00,-9.810234081344574975e+00
9.013363968240559057e-04,2.616299829201509830e+00,-9.787049397616693014e+00
1.575381069006579144e-03,2.621328220969389999e+00,-9.789920745757811460e+00
-3.006358137418382002e-03,2.609767042024697670e+00,-9.796870026834151091e+00
-1.463355551692102109e-03,2.610177403985610489e+00,-9.789193519833299106e+00
-8.300950987078406507e-03,2.615602135876850642e+00,-9.794316349520219234e+00
2.096118822316242122e-03,2.612101473122501183e+00,-9.801212219979584361e+00
-4.745576035102547219e-03,2.615598688819495088e+00,-9.789397611666807109e+00
-7.711734208254296223e-03,2.618247568953817161e+00,-9.790339677338094404e+00
-8.937903726566915220e-04,2.617661804192382480e+00,-9.797457867487647576e+00
-2.841048899493243442e-03,2.620054980175514636e+00,-9.794734638331613397e+00
1.221456783181247389e-03,2.625385884913925771e+00,-9.779502402158337659e+00
-3.762998611705348304e-03,2.617989332190300722e+00,-9.783902729860390224e+00
-4.560263096478748873e-04,2.614449491181587426e+00,-9.787090679815110050e+00
1.694073406283197339e-03,2.612408969119072388e+00,-9.787863608813776040e+00
3.447279927486506142e-03,2.623461123225723668e+00,-9.792060800033116408e+00
3.243206016538018998e-03,2.616246890623730614e+00,-9.803143318968784214e+00
1.951247039905949342e-03,2.615254288022886175e+00,-9.800374431012022214e+00
2.444758917022320927e-03,2.613684644847553695e+00,-9.790061375750292783e+00
1.467411907540794661e-02,2.613855378145653052e+00,-9.803860340539328533e+00
4.856087810918996591e-04,2.626763676495154520e+00,-9.784442897303520681e+00
3.543456777169978061e-03,2.603803286956590135e+00,-9.811809538355703353e+00
-5.393195035324508876e-03,2.619595688938158862e+00,-9.790971807728135801e+00
-2.307894643446819268e-03,2.621969159728359866e+00,-9.791841567398194002e+00
-1.931116670144440023e-03,2.618221270012627944e+00,-9.797564232438999099e+00
4.426837706209179983e-03,2.619881729854121932e+00,-9.788476873459480032e+00
7.337445158381111776e-03,2.621713640185282745e+00,-9.788482096891705453e+00
-6.196980067334694614e-03,2.621088879325540244e+00,-9.794661674947702679e+00
-8.948771347009642704e-03,2.626913588089890617e+00,-9.798219015821636901e+00
-1.295998003552582302e-03,2.613952709311019973e+00,-9.804210980631536287e+00
-3.151381251409901985e-03,2.620759342111172785e+00,-9.814337433710289105e+00
-8.216341812669742534e-03,2.626214628628152692e+00,-9.783691188785784476e+00
-3.505924139947819498e-03,2.615098479023720834e+00,-9.803802721233804363e+00
-4.482855255675482521e-03,2.620268231126736680e+00,-9.789786485207850220e+00
1.193727085840205689e-05,2.611735594722758069e+00,-9.791152855116516562e+00
-8.028356524488614379e-03,2.621196277849413114e+00,-9.794922587164847982e+00
-4.712423743483833832e-03,2.618121064660960062e+00,-9.793238158727190168e+00
3.971000708523656116e-03,2.609913865051137094e+00,-9.805216255976517914e+00
1.220278723354063484e-03,2.613028810801938384e+00,-9.804233214981563194e+00
-8.764887860645753301e-03,2.617628078181678752e+00,-9.798970229864185200e+00
1.677896673938643725e-03,2.617589340202964188e+00,-9.810172012838116018e+00
5.509807829552880627e-03,2.619757701692348562e+00,-9.793299426787093864e+00
1.418117699062774453e-03,2.612416590046440668e+00,-9.796840573127042262e+00
-5.159163571730612970e-03,2.629758415347554834e+00,-9.812854323498543252e+00
3.750381475491487444e-03,2.612737722447120881e+00,-9.790316683418224031e+00
4.997591801388146827e-03,2.611822283971109826e+00,-9.791433913113621657e+00
7.794693628612321375e-04,2.628613175324860052e+00,-9.795984580138640041e+00
-3.195618960129323598e-03,2.615524533752885183e+00,-9.798816869313238698e+00
2.721254778734921807e-03,2.611375764063122773e+00,-9.804561438688175201e+00
2.418146013573375854e-03,2.623096242597954042e+00,-9.798697347069719399e+00
-3.171817793895330070e-03,2.617198714218134548e+00,-9.794590554241768388e+00
-1.806914283617295841e-03,2.616717849574296206e+00,-9.791112342251960143e+00
8.038552159593408825e-03,2.608385900500613808e+00,-9.805522617724287571e+00
-3.742632391624023218e-03,2.620223231797170538e+00,-9.791436928532995410e+00
1.629259443288879868e-03,2.624821459790525058e+00,-9.803849556333949167e+00
-1.052105895367376823e-02,2.616479742788849094e+00,-9.793524828222547995e+00
-9.595852037056823089e-03,2.617707894999240281e+00,-9.803431974402021964e+00
-1.063693069434296784e-02,2.616808845497235581e+00,-9.799667304287918768e+00
-7.110240468283468736e-03,2.618750516577587284e+00,-9.795784711013476809e+00
6.430229418544553162e-03,2.619190013711031551e+00,-9.804909066523114447e+00
1.888649086919725814e-03,2.617005275948082410e+00,-9.800152140146535018e+00
-5.834200027359939290e-03,2.615716251547734128e+00,-9.796981135468580959e+00
-2.230103861084610506e-03,2.619852977073854117e+00,-9.798866663929445053e+00
-1.455203418078196594e-03,2.628498266001735306e+00,-9.790158158254051557e+00
-5.430935908317405464e-04,2.619971134212947028e+00,-9.792041408138155489e+00
3.982812227349879879e-03,2.622510998545723115e+00,-9.817598664184515656e+00
6.169538579295670046e-03,2.626288280557906862e+00,-9.808948612734001316e+00
1.241544657791404660e-02,2.619502729480313707e+00,-9.793911790680596141e+00
4.845438928825809323e-03,2.623644563838260613e+00,-9.784758036210256193e+00
-2.094428082426951724e-03,2.611201945805132318e+00,-9.798043049946478789e+00
-3.030100315141577311e-03,2.611763857843159897e+00,-9.773463233149666252e+00
3.548772141676142990e-03,2.623627963793361051e+00,-9.793183390021184209e+00
-3.735546637614245869e-03,2.617654868538971780e+00,-9.772996282358802134e+00
2.760945146982420918e-03,2.617655402493021199e+00,-9.786248762834794945e+00
-6.134619210325309912e-04,2.615210068707618962e+00,-9.763649595545500048e+00
9.115816141611804207e-04,2.625790084675825309e+00,-9.803512141297805016e+00
-1.414922064637884986e-03,2.622837213795214506e+00,-9.811824131823961181e+00
-2.972538723724947856e-03,2.611426102064507315e+00,-9.782744750894089236e+00
-9.208320399558902331e-03,2.617386579606060248e+00,-9.787977108435535811e+00
-2.496506099579351174e-03,2.622273648180791117e+00,-9.793936652024672895e+00
-4.148504562008850823e-03,2.619992739685766736e+00,-9.779860373039699795e+00
4.950329447930060939e-03,2.617877959539962163e+00,-9.797741722169936551e+00
1.402523448607913108e-03,2.610332770559578908e+00,-9.782801185652575171e+00
8.629987783421859057e-03,2.632623708506603766e+00,-9.792995770759921115e+00
-3.136763990229559252e-03,2.620934163854530041e+00,-9.796774218894555020e+00
-3.744478142112461425e-04,2.620125669830131176e+00,-9.786191884847553979e+00
1.383783687477430427e-03,2.619424921225298686e+00,-9.790777258852502385e+00
-2.582194653795168941e-03,2.626313293916101355e+00,-9.810838624644471651e+00
2.286810460871321372e-03,2.613537281487335662e+00,-9.791016393618582114e+00
-1.099236663700816437e-04,2.616861805278810404e+00,-9.809824487061138854e+00
6.901939495111126090e-04,2.618072872473744095e+00,-9.778216252948737974e+00
-4.520658375906613444e-03,2.616645947264261807e+00,-9.782332645121345038e+00
8.431505238955841822e-03,2.617901443661613925e+00,-9.796725241321489364e+00
-1.686898565124731993e-03,2.622391886573238295e+00,-9.785509858014950879e+00
-2.739465227197609206e-03,2.619509852654685833e+00,-9.795455769979668048e+00
1.218238298514771455e-03,2.622546830889229241e+00,-9.792342549567623067e+00
5.978304978206522118e-03,2.611568649200763037e+00,-9.799751581604208894e+00
2.420408563550686346e-03,2.613126541645683254e+00,-9.800211812541688161e+00
1.878541759840499179e-03,2.609893217696863221e+00,-9.797118210031902308e+00
2.669904077284342408e-03,2.605316256888305482e+00,-9.806247131130971795e+00
-7.440410967600177231e-04,2.619870644943123494e+00,-9.803360802349581959e+00
5.444486093548735715e-03,2.628375798200847324e+00,-9.797092835392517074e+00
2.966836207892669698e-03,2.610450861368872832e+00,-9.799787147903179729e+00
-3.782138889661899265e-03,2.618317872426972670e+00,-9.784747053499556202e+00
-9.420546303838775448e-03,2.617981176864655257e+00,-9.800743529122692976e+00
8.099807519541311548e-03,2.619426405564518667e+00,-9.792022331076827513e+00
-5.287508582772000587e-03,2.621261203803039397e+00,-9.780040812344743983e+00
-6.569496669569659456e-03,2.605379375510515239e+00,-9.797546017774283911e+00
2.165373004825145008e-03,2.616933753969798104e+00,-9.812958219145901495e+00
6.810847188739608225e-03,2.617686294672115110e+00,-9.789130340317409917e+00
-1.852010862388900597e-03,2.624288560881155696e+00,-9.797029675079105715e+00
-5.830390860369194690e-03,2.616344301632059555e+00,-9.799066761795996783e+00
6.111914561268608605e-04,2.610327746556456052e+00,-9.800097420119522340e+00
-4.498578659745408083e-03,2.620582184665949388e+00,-9.788094457504181278e+00
-1.778350363445006452e-03,2.622635614907678825e+00,-9.806782805841070427e+00
2.742875548294277472e-04,2.619724486767017968e+00,-9.794376937101089808e+00
2.325880499145376729e-03,2.623017796190137751e+00,-9.796455544343015021e+00
-2.954287673674411605e-04,2.617305920706536337e+00,-9.778307587790022737e+00
3.861392001888751258e-03,2.619916653036301835e+00,-9.799776719146839454e+00
-5.576200419886550783e-03,2.620982985099838292e+00,-9.786834101465917257e+00
-2.468892748898087082e-03,2.613846750745277170e+00,-9.793051111427869770e+00
4.615942424295279081e-03,2.619058347978442836e+00,-9.795684719377266703e+00
-6.810509880792673353e-03,2.623413422752462143e+00,-9.790844445857297629e+00
-7.525597317304415571e-03,2.621799750107774774e+00,-9.774483695963290586e+00
6.520694201784067376e-04,2.612505166566480685e+00,-9.786673443803188377e+00
-3.386643247145927366e-03,2.619818615157802011e+00,-9.794784390226380921e+00
-6.764349195079047763e-03,2.624858945750083716e+00,-9.800707019489214744e+00
-1.085379540733143709e-02,2.621976569582276539e+00,-9.802085817347487406e+00
7.157443785589112520e-04,2.619188281036471277e+00,-9.783837390334857886e+00
-6.125562558184151872e-03,2.619655589841928478e+00,-9.812770691500196207e+00
-5.377518390127336220e-03,2.615815663117708745e+00,-9.797245418567218422e+00
-2.993999076656265763e-03,2.619226427332721485e+00,-9.804959839463586846e+00
-1.897721657943476394e-03,2.621963286812401872e+00,-9.780834374895846395e+00
-2.187444998823759573e-03,2.619464420046726083e+00,-9.796460494314507272e+00
-4.935321196500832425e-03,2.617167270254939115e+00,-9.791477575169064806e+00
7.342577613908222306e-04,2.619227264206248407e+00,-9.799147653030255256e+00
-1.216333477580665550e-03,2.611624437390803966e+00,-9.801105080032479933e+00
3.448026032537388885e-03,2.616591532074603155e+00,-9.801742133663555734e+00
-3.898173419735083932e-03,2.611622759024717855e+00,-9.789840336441475444e+00
2.879488068182906729e-05,2.613438645894345491e+00,-9.786487836021652953e+00
-6.872755617099934010e-03,2.615632357482239545e+00,-9.809103768006540491e+00
-7.515326780484741197e-03,2.627891983994774083e+00,-9.777288341202870825e+00
-9.102100940554813408e-04,2.615984390636161283e+00,-9.788499296732842581e+00
-5.467157442218525086e-03,2.616514600042807004e+00,-9.791094665613581327e+00
-6.824480712947826599e-03,2.625319814331755097e+00,-9.794537795701955929e+00
-4.841274310451488747e-03,2.620691867157983079e+00,-9.803137148552924174e+00
-3.225876563816895432e-03,2.618677109404854875e+00,-9.789300855030875326e+00
1.292390443058533123e-02,2.619462572313110638e+00,-9.800678369522968225e+00
-1.063974820412790087e-03,2.620536735562023267e+00,-9.804479910496263884e+00
3.208020644839028324e-03,2.619238887210467936e+00,-9.793852029302062334e+00
-1.109914322929199219e-02,2.618007795376365188e+00,-9.780484313699618681e+00
-7.773518734274608225e-03,2.616974483170247723e+00,-9.810265021773853178e+00
2.208941098800030946e-03,2.613694111850597857e+00,-9.780978318972939789e+00
2.038638517045027513e-04,2.619609510806771180e+00,-9.795318098024894837e+00
2.125759762522594289e-04,2.626265027948069708e+00,-9.796693306734162832e+00
-2.580541143540753066e-03,2.611545724561838977e+00,-9.791797707025187592e+00
-6.445182272744405007e-03,2.611870208212903943e+00,-9.798706523912775523e+00
2.336726455156820995e-03,2.611017341652019041e+00,-9.784900856645355915e+00
-8.344385465593465862e-03,2.613380528799233993e+00,-9.785807454627262203e+00
1.534641312387731438e-02,2.622472133802395522e+00,-9.782468099388495375e+00
-1.674734304602564948e-03,2.608898228812512876e+00,-9.796257972558146676e+00
5.773584451103469474e-04,2.622799996439073578e+00,-9.796804396548527194e+00
-3.201904467185310178e-03,2.616361431413718019e+00,-9.801495908412094948e+00
3.338341839091414718e-03,2.626205766719257984e+00,-9.812112234270442102e+00
-1.621956918912528236e-03,2.618192205036869336e+00,-9.784175177644637955e+00
2.550369538129261884e-03,2.626515974613322424e+00,-9.794933982331057720e+00
-2.287643277624614065e-03,2.613031905101506069e+00,-9.777913273941368999e+00
4.444874743502779876e-03,2.617372289897233806e+00,-9.789256916566962730e+00
5.857074002750897474e-04,2.620247452440988667e+00,-9.790940357605242284e+00
1.061671705808147313e-03,2.611950625851514385e+00,-9.796174197602097067e+00
-3.811071750328777919e-03,2.615151357564038381e+00,-9.801706123935474579e+00
6.495944803612871583e-03,2.618817299497326445e+00,-9.785141210756064467e+00
2.813185881072896230e-03,2.613275879361970588e+00,-9.789835903714896759e+00
-2.588981105871794586e-03,2.629298005668474936e+00,-9.780394969647870695e+00
3.272526463389177718e-03,2.614578751112442756e+00,-9.798532425196162521e+00
3.229469186894096122e-03,2.624208740711041710e+00,-9.798026451763101718e+00
6.267528522142059265e-03,2.621177461663703134e+00,-9.803959337924400330e+00
-3.114757512329676629e-03,2.616351865034341362e+00,-9.810854867350592201e+00
1.251546261186857164e-03,2.614681909127195336e+00,-9.780565142720082150e+00
-3.074512922906391665e-03,2.615861679885314039e+00,-9.789200418233532375e+00
-2.101248679118641102e-03,2.620448224966584583e+00,-9.793636446847889587e+00
-7.649899450417644090e-03,2.622075734387133483e+00,-9.785661419033672814e+00
-4.895433814427039947e-03,2.615705480781318926e+00,-9.793445623442318393e+00
-9.320710365102102476e-03,2.613491877028249366e+00,-9.796875776928631652e+00
3.737553939982379923e-03,2.617489973223291688e+00,-9.791695522921639139e+00
-2.077106819100409032e-03,2.626571238585555967e+00,-9.810068326575056119e+00
7.055544698569382427e-04,2.610544050785589487e+00,-9.797573687348197780e+00
-1.526910890658484928e-03,2.619640454452095479e+00,-9.808521986275790638e+00
7.121482542787060683e-04,2.616470076593332639e+00,-9.777216898769676590e+00
-1.328522561794389387e-03,2.612834561762131358e+00,-9.791926085995839912e+00
3.362277911297807068e-03,2.615250239129792043e+00,-9.806731742329775514e+00
-7.284947857988504846e-03,2.606456442752074221e+00,-9.797404426729626081e+00
4.013579489432849909e-03,2.607510455564853835e+00,-9.795270353373785710e+00
-8.560780374592690672e-03,2.615825780154101832e+00,-9.795373045994905326e+00
4.904150574846161473e-03,2.614901035070535951e+00,-9.785545345109701643e+00
-5.766386354200222185e-03,2.615619489668430830e+00,-9.800910113985436212e+00
5.138702676148145486e-03,2.607494784223332029e+00,-9.784606464688859973e+00
7.372766753509219211e-04,2.617862677218672829e+00,-9.800451565643841789e+00
4.333414563187611840e-03,2.626628936631299815e+00,-9.804294897413672771e+00
-4.405306904647782467e-04,2.616172402700991828e+00,-9.797879102102836413e+00
4.140421639582416574e-03,2.617849794443153133e+00,-9.799445531429235245e+00
1.024510201486411066e-02,2.614038224513470343e+00,-9.802396320173571098e+00
2.285816521001423837e-03,2.610444747277060440e+00,-9.795806461733548076e+00
3.981652220611982262e-03,2.620514586686577552e+00,-9.813708661817180712e+00
2.800289645310831757e-03,2.623475374784788094e+00,-9.780636723745185890e+00
-6.870576317009412411e-03,2.613931752285485022e+00,-9.805619688186883565e+00
-7.673302693161269603e-03,2.621401937449451047e+00,-9.800130912975067332e+00
-9.577510373770076538e-03,2.618765023564949779e+00,-9.790186147095615965e+00
-2.675634803917985652e-03,2.622373432944088645e+00,-9.790019835470607390e+00
4.006587106459609179e-03,2.613663795095403142e+00,-9.782468561526595607e+00
6.221046348518808689e-04,2.354182801815629222e+00,-9.798569271650897861e+00
-3.788191207765237954e-03,2.116083261918620728e+00,-9.787372048533457658e+00
6.399190714590952296e-04,1.915165294694343823e+00,-9.783725825975720269e+00
-4.358270059358614621e-05,1.719037413735782671e+00,-9.797992198343353110e+00
-4.433129947784334585e-03,1.539078313374476537e+00,-9.782454274497405677e+00
6.692740256097120264e-04,1.391853256602920474e+00,-9.801935375998318989e+00
2.647011240636794674e-03,1.255092696551370457e+00,-9.787146668004707450e+00
-7.432045320986855122e-03,1.133932805508871766e+00,-9.777531065416352973e+00
-3.250388878281639145e-03,1.016401893461755135e+00,-9.810693859408376127e+00
5.065318142037187644e-03,9.174207649637211581e-01,-9.790029629101788089e+00
1.646211540039277475e-03,8.189585021096610351e-01,-9.798012867031697937e+00
7.213264749322986953e-03,7.443228640515853201e-01,-9.783375151379992474e+00
5.803841149911392883e-03,6.674232601954135369e-01,-9.791899793487282011e+00
1.992825581203891996e-05,5.945822896318667672e-01,-9.800387684533092170e+00
3.046372965454097193e-03,5.323221910788277222e-01,-9.793684018791861234e+00
1.426083072776764731e-03,4.867446283940184415e-01,-9.780046693212856468e+00
2.678722218151759812e-03,4.365379671431290354e-01,-9.794151758873809399e+00
4.940046844215077856e-04,3.976125556537133399e-01,-9.796182336003562696e+00
-3.599177941889256539e-03,3.497327389293357069e-01,-9.797842689320859222e+00
-5.590332800304921232e-03,3.225294948997703970e-01,-9.793275891707301284e+00
5.258132294826257588e-03,2.775399108617920274e-01,-9.793716688856074271e+00
-1.320036236320487177e-03,2.462433769441499387e-01,-9.788607582456538836e+00
4.981943137198402774e-03,2.386276876827359283e-01,-9.792813945790838304e+00
-1.148093769759943143e-02,2.023805827049519890e-01,-9.792460906733404968e+00
-2.594445817298460591e-03,1.856869256785398103e-01,-9.804824456229374263e+00
-5.303385713913684983e-03,1.690481969416655905e-01,-9.791617180922964181e+00
-2.397759665757967593e-03,1.528987453122968576e-01,-9.810139030904705848e+00
4.060385120165109323e-03,1.360655626551675601e-01,-9.800761661937652747e+00
-5.708125270918984820e-03,1.226296611495819311e-01,-9.800722314192391593e+00
-1.009577773000015603e-02,1.139990469245262122e-01,-9.787881768555710238e+00
5.283909816398657490e-04,1.021052686718009334e-01,-9.790745254830699906e+00
-2.854331478348478765e-03,9.457650065162483133e-02,-9.808049651256149915e+00
1.576986965418311322e-03,6.959790506870959514e-02,-9.793688297431895506e+00
8.341813528152599785e-03,7.611644374008677549e-02,-9.801349512440522105e+00
2.733234461555994021e-04,6.333194897216802566e-02,-9.787594829980102773e+00
3.908693167565580745e-03,5.385032133734093951e-02,-9.792411298809396314e+00
-1.411686669451712106e-04,4.945155019841891708e-02,-9.798441356763502696e+00
-2.544211769428652951e-03,3.828512911787231021e-02,-9.806478273506664678e+00
-8.729397325489890100e-03,4.653368823844288016e-02,-9.799274268050945480e+00
7.951320503957481217e-03,4.264814919995844195e-02,-9.795156829508428586e+00
-5.138156005829414702e-03,3.486094253879607613e-02,-9.794873264528883183e+00
3.417036025279254850e-03,2.895971368883855021e-02,-9.782818427047589083e+00
8.787030325322417804e-03,3.081874623480896150e-02,-9.789407033582984141e+00
-3.004501929704126752e-03,3.708010444591001986e-02,-9.799282538419092248e+00
-5.533445494268230411e-04,1.523808780347249772e-02,-9.787094986542241415e+00
-6.123814187809328846e-03,1.977057216664247774e-02,-9.798050839242904431e+00
1.368057220252230080e-03,2.262033720037796153e-02,-9.789207425735686030e+00
-6.688980446332256280e-04,2.518822383820227065e-02,-9.781941086730066459e+00
-3.232776332715956867e-05,1.909337350724574917e-02,-9.789700605982691428e+00
1.782721985983557736e-03,1.601747919839359435e-02,-9.774706528290385776e+00
3.010476144951418267e-03,1.781529604777654097e-02,-9.790363557754039547e+00
-3.043108841953239430e-03,1.538696593052343506e-02,-9.795694074544003982e+00
5.311108095122913221e-05,1.703790507349955963e-02,-9.798131248690591377e+00
-4.528288276500646269e-03,9.850770945746486346e-03,-9.788162013297741382e+00
-1.768910820547540995e-03,8.469602546968525714e-03,-9.798314684294316734e+00
3.966076044719639253e-03,6.201847888470043112e-03,-9.787535667567231812e+00
5.476335482461389126e-03,1.626118031046962231e-02,-9.785840277205551274e+00
-3.113581311668435774e-04,4.469243848398678914e-04,-9.782935806153272296e+00
-4.096691072408064314e-03,2.077428962804370605e-03,-9.795044467297984170e+00
-1.680635186587020342e-03,7.213180474221620765e-03,-9.790664566890781018e+00
8.755086023044490393e-04,4.934573235611677128e-03,-9.798514460599013987e+00
-1.140010208188314139e-03,-1.661926320791363293e-05,-9.790975140274793986e+00
5.181269943913070601e-03,-1.156743111577261760e-03,-9.796829472868788358e+00
1.109708144461595512e-02,6.609874114720063268e-03,-9.792989082165544090e+00
-3.593509611452341823e-03,1.497698270566213963e-03,-9.781091618623943162e+00
5.731934957074174414e-04,3.095856808527468196e-04,-9.788950547515979039e+00
3.886327965690480456e-03,3.524587550279316937e-03,-9.783592078816296222e+00
2.059320272036910694e-03,3.234436931297899730e-03,-9.809011665862087170e+00
7.362241974800324933e-03,-2.160798062340579112e-04,-9.792405730430438382e+00
-3.114141068043987503e-03,4.773847451993360608e-03,-9.806792855508332352e+00
4.660159701648122939e-03,1.270350814141047498e-03,-9.798938593380361439e+00
6.767551144390707629e-04,-2.232262158171916585e-03,-9.791174161704324419e+00
3.713127186225672130e-03,2.311745672678837144e-03,-9.786412279896723021e+00
-1.953603732278165559e-03,1.108242693659788848e-04,-9.797338116219531656e+00
3.222595326617238003e-03,3.519016914337486177e-03,-9.791604523379527691e+00
-2.059356241613818830e-03,-2.194352568816409881e-04,-9.776760110274405946e+00
2.406251726489094995e-04,4.548352250291578559e-03,-9.796997197260415291e+00
1.013127313990868413e-03,-7.693679471606615014e-04,-9.801648715114286148e+00
1.091655064245208948e-03,2.658692316384957555e-03,-9.785128756292614582e+00
9.269000291436200589e-04,6.968281833632944573e-03,-9.794929295725571805e+00
-5.613177649807943141e-03,-6.072510461355964430e-03,-9.803044951956573883e+00
3.336968323115245116e-03,3.841252334347070290e-05,-9.794152193556980635e+00
2.508629116057512626e-03,-1.320307881455678577e-03,-9.790562001527842284e+00
-2.225253165618918544e-04,5.922433661512443298e-03,-9.791684014859090013e+00
-3.857941373566427072e-03,9.286820602368030773e-04,-9.796229670214115615e+00
3.997351363840021161e-03,5.657198301806675572e-03,-9.805990330602663008e+00
8.390455225396490973e-04,-3.530431342357913393e-03,-9.791792111378386565e+00
5.720076528405940034e-04,1.918961234150387508e-03,-9.796623426757935960e+00
2.916866062736871417e-03,3.669520633922572755e-03,-9.797201340009994652e+00
4.163126419552294448e-03,5.402264965438651270e-03,-9.801283061611815839e+00
-3.933744807151018201e-03,5.019039191755685428e-03,-9.793801981099665710e+00
6.290745125467528225e-03,1.059693050440404464e-03,-9.802397548761986101e+00
9.049262089336184691e-04,-1.790796337392756626e-03,-9.803638342508037340e+00
-5.413365408857870147e-03,-8.553670784856817104e-04,-9.785733111929152628e+00
1.583589274264352378e-03,-4.995012087645217536e-03,-9.787639153247907231e+00
1.190842428553566231e-03,7.051670625407293128e-03,-9.795433055851702875e+00
-1.000175658169679890e-02,-6.867887098160886140e-03,-9.815046198812876099e+00
7.333036925049415782e-03,4.970989765215144164e-03,-9.801464969076217670e+00
-1.277954916187725712e-03,1.414572816510168297e-03,-9.785734761921059288e+00
4.254435355073271120e-03,-1.243977566512390282e-04,-9.804367048172585086e+00
-9.293229437060358464e-04,3.162017810330133762e-03,-9.799309058217888335e+00
7.418181823278482967e-03,1.382412982820959129e-03,-9.793499839006418739e+00
-4.330194606402455910e-03,-3.853038441679754113e-04,-9.788928796300094604e+00
-2.724077809360070379e-03,-1.508900777963978696e-03,-9.801837671377114702e+00
-4.411740080857127350e-03,-1.298696287506495399e-02,-9.793016974031745647e+00
1.741521193086971106e-03,3.615377524931879995e-03,-9.793916462819122870e+00
-2.262673336006144984e-03,-2.921068291735076823e-03,-9.775405841476670687e+00
6.001544149871218287e-05,9.473384000382221656e-03,-9.796509509380062042e+00
-5.682615287271701454e-04,7.152539729054152411e-03,-9.792035617893583677e+00
9.095226367753088056e-03,-2.161824893063495675e-03,-9.784130475458027831e+00
7.546335398554580333e-03,-1.165062846621049437e-03,-9.799223525544466185e+00
3.473963484660641966e-03,1.543066371837015401e-02,-9.797298536294254845e+00
-8.955964134685465323e-04,-7.306788687799117832e-03,-9.802059158070596467e+00
5.205647783568248359e-03,4.604705696415294092e-03,-9.788105324874463165e+00
3.531194943318255626e-03,4.275733254973988415e-03,-9.797418366200240314e+00
6.323531680787400702e-03,4.091458937748980972e-03,-9.799580587069627313e+00
-1.508010120406413955e-03,2.135474143323784751e-03,-9.789572848886354706e+00
-1.564534802711104421e-03,-7.901638729233152053e-03,-9.799463432908991578e+00
2.130642088060990657e-03,-3.067527163050211801e-03,-9.797812820209761853e+00
-4.003595339067053931e-04,3.863494357192024525e-03,-9.802893466375035558e+00
-5.911380217826624726e-03,6.391516870297304627e-05,-9.788105536127741146e+00
-5.237688226068234337e-03,-2.003212840769738427e-03,-9.790411580894089028e+00
1.970305896650023213e-03,1.561842781740873829e-04,-9.797897951441466802e+00
-1.278210722820796817e-03,-1.805551808596777934e-03,-9.782169816339512991e+00
-1.289626950208162251e-03,-6.781620260625234424e-03,-9.797095451923471643e+00
1.332567178099985494e-03,3.677808682854642915e-03,-9.792561601410504579e+00
-1.248136739894358145e-02,6.899810041602482888e-03,-9.779764983986488858e+00
5.392447027344855412e-03,3.544246678038063224e-03,-9.807230951054512147e+00
3.381924222987447645e-03,7.090618589356001422e-03,-9.782895700825829266e+00
-2.148684393142383329e-03,-2.333978787081869739e-03,-9.798042918060026807e+00
-5.648602587645623098e-03,-1.279639965677350317e-03,-9.791596035555135913e+00
-2.102154107296290517e-03,3.342624050826900183e-03,-9.797038258865342186e+00
1.226762782976013530e-02,7.775719869491736803e-03,-9.792732445920471207e+00
-6.059409358532563857e-03,-9.597807050834590960e-04,-9.801253882455679189e+00
4.433335347725187131e-04,1.540701345192862582e-03,-9.811877833083959999e+00
-4.809436663625990364e-03,-7.848239074688763764e-03,-9.793852787237854685e+00
3.991671614643321937e-03,-1.521922271146173428e-03,-9.807178442750496217e+00
-1.606971510594679608e-03,-1.475869375987480178e-03,-9.791084618971012787e+00
-8.369550477193123464e-03,1.144814408227261531e-03,-9.788379511136730216e+00
-9.724698868938619345e-03,-8.230489435070738671e-03,-9.788171956399684959e+00
-3.884256144582361701e-03,2.550491741610978139e-03,-9.785410113224630280e+00
4.973341190251193318e-03,-2.608041608905483939e-03,-9.810354453126240770e+00
2.099248691108475742e-03,-4.179762709930685480e-03,-9.792064387122085378e+00
1.171465394007208810e-03,1.171655379509109994e-02,-9.774317991316943122e+00
-2.031751667420712056e-04,-3.741194811977931710e-03,-9.784874655098144913e+00
-8.437459981466342678e-04,1.099212086779193659e-03,-9.795338915562059157e+00
5.701342737011676600e-04,-8.419647678940501631e-03,-9.813195183884690920e+00
4.399034722875511637e-03,-1.655793306761186136e-03,-9.791252209152048636e+00
4.181622575299292870e-03,7.218862584802807243e-03,-9.806154622417736277e+00
-2.911753323595239144e-03,-3.165268330037680506e-03,-9.798482159464347419e+00
5.099644309707491850e-05,-1.238291092718989041e-03,-9.786966998296511733e+00
-1.016723207872033581e-03,-8.968923902026835777e-04,-9.803961163636584430e+00
-2.214173995291106745e-03,2.687562231583892364e-03,-9.782141688547961067e+00
-1.083766408058103696e-03,9.636328319433293613e-03,-9.797963600719160837e+00
4.440950072222376449e-03,-2.113591324079893731e-03,-9.789853157956864393e+00
1.463879363323580167e-03,4.999318139309984546e-03,-9.790877816269210498e+00
4.266446326244312942e-03,-4.416491679661883342e-04,-9.790565079908811086e+00
2.499847249224519848e-03,1.239416808378716092e-03,-9.782379602622349068e+00
-3.683318289839019309e-04,4.246918556723342474e-03,-9.798999202191740920e+00
-4.454758988682444440e-05,-2.188812793215633417e-03,-9.808375786171042776e+00
-2.940845031507698451e-03,1.437860323618273678e-03,-9.795297743755060793e+00
-2.404107834424781820e-03,4.562389736144078882e-03,-9.799611641948523300e+00
-6.810430465188897081e-03,-7.389882631647134298e-03,-9.800454508036960277e+00
5.415960402795464562e-03,4.530075858525844761e-03,-9.795330093654023074e+00
6.147694914430740752e-03,-4.334403554018264985e-03,-9.799563833113296596e+00
-4.955921463007081744e-03,2.430082920142234183e-03,-9.791577776076914930e+00
-5.354839547348628354e-03,-3.122690362689738066e-03,-9.781106984328438614e+00
4.356053725288411282e-03,4.880121077643999154e-03,-9.773862593507981700e+00
1.158091419047318311e-03,3.162391040233237388e-03,-9.790246379993096326e+00
1.713900471714022416e-03,-8.651485897678657744e-04,-9.802559916778980309e+00
-2.789917608372923484e-03,2.438860436023176492e-03,-9.804010584840661124e+00
9.182195169258730930e-03,1.025373482141295374e-02,-9.796494780578901995e+00
3.238965954390953320e-03,4.854928486956830869e-04,-9.795725990624495338e+00
1.071327215605399723e-02,8.744764101217894015e-04,-9.810184681009992858e+00
-4.660518610369805692e-03,-7.895722533794695061e-03,-9.790282495283157971e+00
6.748954298559619452e-03,-3.716131952073387697e-03,-9.791628804534211028e+00
6.962085105991984955e-03,5.714270371731435157e-03,-9.802091281603873441e+00
2.954889112748320702e-03,-5.306174525371232936e-03,-9.798640683997088985e+00
-7.831084367660987033e-03,-4.884420796225022107e-03,-9.799543676262196357e+00
-2.630259560319960811e-03,-4.363187311886594817e-03,-9.799087503635590224e+00
-1.479671754799130861e-04,-2.852008017532455583e-03,-9.801815880463097486e+00
2.579168562776178262e-03,-3.057418251656504344e-03,-9.805795202772644714e+00
-9.771563608422400606e-04,-5.556393753150523467e-03,-9.790481797316241241e+00
8.785769241577801730e-03,2.878257506983920508e-03,-9.802398429325695162e+00
-1.849161096258809399e-04,3.653059953433664218e-03,-9.795727999184128620e+00
6.289340702744881419e-03,-4.786251918946236861e-03,-9.793928893030349414e+00
-7.303978668385830222e-03,-2.629548860560890558e-03,-9.800486053120927465e+00
6.091259631667849880e-03,-8.007888410472717780e-03,-9.799510451910073527e+00
5.205265207540576565e-05,3.494230307742410627e-03,-9.805978705447424559e+00
-1.439299160211267217e-03,-6.637000369869465455e-03,-9.798835060138753050e+00
1.204485085901112326e-03,6.115111637316293820e-03,-9.794812519636568737e+00
1.224665950374968608e-03,2.552129317397631818e-03,-9.783146938472331300e+00
3.550209170669746915e-03,-8.385029211135024835e-03,-9.802824088581857609e+00
-7.886356431128697594e-03,-7.089050749687378535e-03,-9.787055270819346120e+00
3.096996556675826826e-03,4.609949855269308405e-04,-9.780888336778104986e+00
1.255709977553320228e-03,1.417592659027625294e-03,-9.802536626603144398e+00
-4.758733913501534199e-03,1.139131154148382685e-03,-9.791985298472365429e+00
7.497099697165682079e-03,-2.436326616760776508e-03,-9.783371756152416054e+00
4.504364594946516599e-04,-3.190487729630158472e-03,-9.808734443963791350e+00
1.980658699364131435e-03,-1.977800772272586202e-03,-9.807448107623066846e+00
3.270234221993083539e-04,-3.753290732472554236e-03,-9.815684329996004820e+00
-1.543266413086879325e-03,8.591378795868702964e-04,-9.789546041165205992e+00
-5.896784212089055052e-03,-2.009643484344180841e-03,-9.800708374546614365e+00
7.042351961894105679e-03,-1.208908610903755608e-03,-9.798488602270564840e+00
-1.438223899425267530e-03,-3.539499172287941930e-03,-9.805436359058166573e+00
3.457144023481375367e-03,-1.215590428026185792e-03,-9.791733268899609044e+00
8.804927771950157162e-03,-2.649531470202324233e-03,-9.796680941504527951e+00
-4.069411438279850121e-03,-5.963184903235000528e-03,-9.805282161854227851e+00
-6.301262500184388882e-03,-2.056294700415036043e-03,-9.801376252573117398e+00
6.530990481451250801e-03,2.180255058176740202e-03,-9.790511659112901555e+00
2.651888472815562125e-03,3.071600971179426227e-03,-9.785126708336035151e+00
5.621334656680059688e-03,3.687709284467440007e-03,-9.786837084921311103e+00
-2.960534585092664155e-05,2.811263644676893943e-03,-9.786446834324079802e+00
-4.939602980248709429e-04,1.205317641013989305e-03,-9.796439346221063715e+00
4.353405349322385549e-03,-8.921813122836848992e-03,-9.798778321957371418e+00
5.613862358139364364e-03,-2.124113121847463932e-03,-9.785560086153353154e+00
-1.532870168483628504e-03,-2.037817329299183768e-03,-9.783294592267871792e+00
-3.213544291505816049e-03,-1.292534931197901471e-03,-9.792617697977762603e+00
3.050298952733328760e-03,-6.657244615251808363e-03,-9.791649205914474408e+00
1.650235904794403142e-03,-4.569548398466623078e-03,-9.799673243971602332e+00
2.003263485140186189e-03,4.653923051120830573e-03,-9.780506413044262715e+00
3.988446380431440348e-03,-2.998566061994234217e-03,-9.804327132786434973e+00
-5.041687803219086286e-03,-5.522738904456763950e-03,-9.788120032200437137e+00
6.303680174028538849e-03,-1.956381416950072651e-03,-9.800319103964111989e+00
-2.451887397280947973e-03,3.295358475257236311e-03,-9.795699773117485520e+00
-3.842300685015039800e-03,-4.413481136151189629e-03,-9.789925934117043482e+00
-3.742754720040083159e-03,-7.402090297215915132e-03,-9.796124787901787201e+00
-3.203833764757310545e-04,-1.733978024147375674e-03,-9.815608025072499743e+00
-8.622825616033035975e-03,3.431036702006826956e-03,-9.805507638547936722e+00
-4.084124429414479410e-03,5.597015151655143628e-03,-9.783593945990855190e+00
-3.217277595682018626e-03,6.002331615638493816e-03,-9.797218338883730837e+00
3.183538601588561598e-03,6.123463730496252894e-03,-9.781978371799288752e+00
1.099529255576280323e-03,2.585544227816526444e-03,-9.789097679318851775e+00
7.350849369404108876e-04,8.593183521186008311e-03,-9.790846872004152601e+00
-8.124695215763621733e-03,-3.360010575523133354e-04,-9.790144566467496645e+00
3.955479512063704399e-03,-6.179132750531333637e-03,-9.794179593621796798e+00
-2.956851527557337583e-03,-5.146080681681715775e-04,-9.808402639535277245e+00
2.923644366161236730e-03,-3.733192725960777798e-03,-9.800443965278713421e+00
-1.206841984839143126e-03,3.520140515069936516e-03,-9.792732827884346847e+00
2.478000354070065969e-03,-6.042439538203995403e-03,-9.781449501735348662e+00
5.003865849887971333e-03,1.771033225013407845e-03,-9.790983486376598321e+00
-1.706913408595712826e-03,-1.789847664866798345e-03,-9.789313464040343860e+00
-4.039816243290122316e-03,2.933184684561140551e-03,-9.792842277300369602e+00
-7.868460061651117235e-03,-1.890140874543023508e-03,-9.801424799167559598e+00
-8.781145669314288638e-03,-1.420797522184063470e-03,-9.796499198599489588e+00
9.582749840126645116e-03,1.021961060934164665e-03,-9.787064463040122675e+00
5.581744886853681233e-03,-7.136142775380808004e-03,-9.813363257305800502e+00
4.462950677210472845e-03,-4.694866626373235194e-03,-9.791122755000021272e+00
4.202252643398360701e-03,-4.354581863981510197e-03,-9.799767851985304645e+00
3.269902056223223438e-03,-2.953911588221398710e-03,-9.801925880776568789e+00
3.406556977871552216e-03,1.444703864380298547e-04,-9.790950218887713774e+00
-2.827196810369676881e-03,-4.247421650971154074e-03,-9.784042986284568144e+00
-2.133781866220355386e-03,-5.807087219550143530e-03,-9.800651003344688306e+00
1.844113465009865772e-03,1.441172134409309533e-03,-9.791446999537935625e+00
-9.605787893030866666e-04,2.952793466049280328e-03,-9.793095785373505890e+00
2.457010144653494835e-03,-5.575489484438120140e-03,-9.781408052917715423e+00
4.780204012226263650e-04,4.697669307132933472e-03,-9.798213092621228526e+00
-7.880611999408088444e-03,-1.786289827955041482e-03,-9.790394733328422916e+00
-7.776405541034813211e-04,-7.003673739717128886e-04,-9.783342906080150669e+00
2.325509849260555453e-03,3.107754299478705188e-03,-9.793102069179493441e+00
-3.952403112030399880e-03,3.898316477766143465e-04,-9.792848124887200356e+00
2.627978807857020427e-03,2.510462267549321003e-03,-9.799379471118019325e+00
-1.275114036442130281e-03,1.003400927146371607e-02,-9.806631467631040877e+00
-4.671655439418675310e-04,-8.222540104081404056e-04,-9.790672705245448526e+00
1.218624523940183176e-02,6.500768222967587620e-03,-9.796369646607002935e+00
8.394027304031494727e-04,-3.784988920818194245e-03,-9.801287307780611968e+00
8.202144289625823079e-03,-5.724745447603673577e-03,-9.806599907783903447e+00
-2.553297964356566335e-03,2.167249886018529376e-03,-9.790889621114517993e+00
5.072760730303996907e-03,-1.022184611259658107e-02,-9.778017990263361270e+00
6.117979101764901362e-04,9.615731668960121646e-04,-9.782653653630857704e+00
2.730094921749439112e-03,4.149402838403241640e-04,-9.782846552006944307e+00
-3.683318813492711223e-03,-8.612832888875324860e-03,-9.799305424761920236e+00
3.919982310076407933e-03,-1.771939115483382558e-03,-9.786710839128124562e+00
-4.358470176261597905e-03,-4.229387577248041284e-03,-9.796882549706520393e+00
1.236333291360593688e-03,-1.001080814084372292e-03,-9.795125500273865526e+00
-2.649776054819424562e-03,-3.173821274376821024e-03,-9.806482832105716696e+00
2.903239353011778396e-03,4.025950429299728940e-03,-9.785089821329748361e+00
5.673695960817085916e-03,-6.246500024596516980e-03,-9.796919439427549392e+00
7.198394449636243489e-03,-1.069945505241784965e-02,-9.781634461287938009e+00
-2.873271306931250864e-04,9.227463703024104194e-03,-9.794624986219449880e+00
-3.059652736318063757e-03,4.563694539047813414e-03,-9.787936056824499076e+00
1.541844760202102337e-03,4.065931152877553557e-03,-9.796605372019644875e+00
1.738575216938421236e-03,3.193632150141475709e-03,-9.798030097669011340e+00
-2.991166762001624523e-03,2.372183522730178084e-03,-9.786491551802262379e+00
3.317330320386712231e-03,-1.880276956594542680e-03,-9.791860705207454885e+00
4.381398804255814614e-03,-8.292317116713222858e-03,-9.790262737798473225e+00
-3.790646686398201244e-03,6.633387385707192017e-03,-9.793488188111417969e+00
1.675844819016130858e-03,5.084387009847742521e-03,-9.795139577298851208e+00
-4.050677269087601950e-03,2.351329922127586621e-03,-9.793186127894491833e+00
-4.976717678820163134e-04,4.518546825599811627e-03,-9.804683721194136226e+00
-7.940483349562869886e-03,-4.281946701768013833e-04,-9.791785823158150492e+00
6.933462590125716134e-03,-3.607482989437152832e-03,-9.812636953737582601e+00
-1.043472790935123795e-02,-5.103282829295922949e-04,-9.791603842767239385e+00
-3.153346756356555959e-03,8.817300484406929637e-03,-9.784646100399664093e+00
1.116684466326110271e-02,-1.716801668911370092e-03,-9.800742409416029588e+00
-3.929577875908407507e-03,4.035339297643634332e-03,-9.780170498852237770e+00
7.795647925205690873e-03,-4.214583691320289253e-03,-9.789691896300835694e+00
-9.347035628870516491e-03,4.075259438861251506e-03,-9.793744410250184274e+00
3.054172113692318977e-03,4.280005870976225958e-03,-9.789595582465247858e+00
1.575602075525601130e-03,-4.157717097761502896e-03,-9.780365778102817487e+00
