gyro_x (deg/s),gyro_y (deg/s),gyro_z (deg/s)
-2.302084679287736899e-02,1.665292944952940016e-02,-4.274338858125222712e-02
8.754499231349282401e-03,-2.167803341755333152e-02,-1.190861350091943806e-02
-5.527420696242878878e-02,8.700631248771230342e-02,-1.133705472939403221e-02
3.428344861123343995e-02,5.794296252906780409e-02,3.683466200224044113e-02
6.004072507664106467e-02,4.178359520080390799e-02,2.496009143998276919e-02
4.217778908390838050e-02,2.352723723038603956e-02,-2.476097289412255639e-02
5.337796802860864283e-04,4.935292914524376344e-03,-5.280295641634401294e-02
-3.917624130416380579e-02,-2.819494070422101650e-02,4.184636992260410381e-03
1.752203559708066100e-02,2.202843108951107673e-02,-1.192911020782875912e-02
-8.841708062574145724e-03,4.253650086059707069e-02,3.821099891981285385e-02
1.328405111117262304e-02,-6.412496199850130363e-02,-7.129892329013358745e-03
-7.829033707819410071e-04,-5.458509068983279089e-02,-6.397503133769026802e-03
-1.987029271184999335e-02,-4.646669981945555916e-02,-2.102937264589019306e-02
-1.403874397255040068e-02,-1.681361847719699699e-03,-6.208527271226390448e-02
2.897264851819769671e-02,-3.136641764720384667e-02,1.658151644843801472e-03
-4.973711712727622858e-02,1.727561029748668833e-02,-1.739671273821112238e-02
-5.922154557071604430e-02,-1.742420316590489668e-02,-2.130932574210770824e-03
-1.050303916163635018e-03,-2.069848444036638535e-02,2.640987751045561268e-03
3.660105940949837100e-02,2.299128512934393853e-02,-3.017759478153499847e-02
5.584994167317883923e-02,-1.129681031802363608e-02,-9.439795248984153564e-03
-5.072189787107464487e-02,-2.974686306527799320e-02,-3.408901303602928506e-02
5.532445146827108529e-02,1.893045175398869184e-02,6.072099877072140682e-03
-1.169165273036332359e-01,1.939186676814557558e-02,1.024553141069182161e-01
3.903562521733586199e-02,-6.438452065475191131e-03,-5.583507833126873793e-02
-7.042912205460082065e-02,2.211614773114483137e-02,-3.841510394433594877e-02
3.052302907000242066e-02,4.371884964062901224e-02,-4.696346247793008882e-02
-3.163318441752747262e-02,-1.403696449774588864e-02,-1.584609518422278041e-02
8.372771190516733672e-03,-3.568349214957038801e-02,3.491679638743204472e-02
-5.392156730647144208e-02,-4.400947987620024843e-02,3.893465286079222411e-03
-2.702791592039140156e-02,-2.059908620459248788e-02,5.441537425872870759e-02
3.599185686479039470e-02,-4.518694963047908963e-02,2.711062031687536469e-02
2.933291132970662456e-03,-5.333336641572646725e-02,-1.923083638048752458e-02
-4.131891990046251961e-02,3.650303109337189877e-02,4.133338216313290486e-03
-1.356099362612791723e-03,-3.360615348694531712e-02,-2.047959025209819539e-02
2.681284507803559716e-02,5.394456355390134933e-02,4.904001447776746431e-02
2.874754793212159001e-02,-1.072558430296771149e-02,-1.919134322640166437e-02
-4.299148684630760275e-02,6.052218564394332145e-02,9.131542178698785761e-02
4.135447639083210392e-02,2.195572458029823940e-02,1.895133707431878589e-02
-1.563897985790711070e-02,1.218743364148678829e-02,-5.990035339333536421e-03
3.554904307348467213e-02,2.662835056476590273e-02,-2.123943321334255049e-02
-1.182730370047654911e-01,-5.068841580584487055e-02,3.207686167690399631e-02
1.020044512043814279e-02,-6.181370253201555476e-03,-4.355329236606120258e-02
-1.228596245165715405e-03,7.754826259569951724e-03,4.988791545403280063e-03
6.963246260763053530e-02,-5.193693571925795532e-02,-1.628021940292111724e-01
-2.891540931678609344e-02,6.183143217061345259e-02,-1.522360377805257077e-03
-7.332457514878520932e-02,1.666022337127606376e-02,1.011675138657869288e-01
-2.389602355996930244e-02,3.103627643293693436e-02,2.845619860845526733e-02
-3.136805528702680396e-02,-4.880942911561160502e-02,-1.214927835067849439e-02
1.194556902275129874e-02,4.548631984207251316e-02,-1.614270785586979784e-02
7.719881901742486723e-03,-1.277654324020161165e-02,-2.984825264347770388e-02
3.057473112497517687e-02,1.955227941442940279e-02,8.919434057453642928e-02
5.383986121725022750e-02,2.841855934076761153e-02,5.682181974226523102e-02
7.616377299288410591e-03,-4.383014317957718842e-02,4.799848827549894892e-02
2.396717598293766904e-02,-6.895369073725463038e-02,-2.862440072020532716e-02
6.773595882384728095e-02,4.731502786270989219e-02,2.136121128484824022e-02
-3.012749444295072243e-02,4.053171200501497901e-02,-5.948358272755962378e-02
-7.603389229456200549e-02,6.759601264942237397e-02,2.466445824727511726e-02
2.619332287324977263e-02,-4.985129112895837072e-02,-3.927553004687912158e-02
-2.395784210429522873e-02,-4.150361380487047752e-02,-3.429012568650826459e-02
-4.452108126350079464e-02,3.552579887001917208e-02,3.897180649775091460e-03
-5.571420905074423585e-02,5.533310660279999044e-02,2.297867625445293785e-02
8.070571941739788924e-04,-4.734314897693191887e-02,-9.559976040637975167e-03
9.295720567414761382e-02,-1.386258138216284793e-03,-3.155216980748228039e-02
5.415217367238023966e-02,1.088386731317952764e-02,2.624170127875057393e-02
-2.014628783453831402e-03,-1.361355475616650434e-02,6.818439110222823674e-02
-6.372133312958373763e-02,3.352735658778033256e-02,1.702487456214190318e-04
2.702123793853231440e-02,-8.574195609478045890e-03,-4.154731683818547322e-02
1.332113388565077730e-02,1.984177588183678315e-02,5.445472228115937627e-04
1.014045328003244581e-02,-1.822237004405195468e-02,5.942120239262883158e-02
5.214521629107256306e-02,1.657509099435524810e-02,2.171630056379269744e-02
1.220208703755712963e-02,6.355304029076580541e-02,-4.120477848483040766e-03
2.421359484944636889e-02,1.005891734649820742e-02,-3.801493248630123667e-02
4.216030678672873927e-02,6.125346907471330288e-02,-2.241474696852341700e-02
-1.117804157643904200e-02,1.064718201777649018e-02,6.698661036674646851e-02
-2.483473517294052316e-02,-5.573952535943364761e-02,4.247741963937125276e-02
-1.873177312543809064e-02,-2.407136991397380854e-02,-3.059609511501191689e-02
4.525640909489762886e-02,2.297560964980192161e-02,3.183381095803769489e-02
-2.438399373239845749e-02,-7.957952559172197168e-03,-2.332190415234143555e-02
-2.657847480552360999e-03,-4.318454819037399750e-02,1.335090002374885072e-02
8.034634185818405328e-02,-1.463282477283563490e-02,2.320524847783780875e-02
3.379864747821219317e-02,3.918946389987738171e-02,3.796733025459240324e-02
-3.066219044466104299e-02,-5.121120819064284985e-02,-3.113291366073506553e-02
5.888380148614638654e-02,1.983896776509899013e-02,1.518203821148960200e-02
-9.932576316152193219e-03,-1.452757773274293172e-03,-2.174546577529193336e-02
-2.010172328428527083e-02,-1.256143862760662235e-02,-5.501565996324194602e-02
2.939390597782344169e-02,-6.580374491091559030e-02,-8.512154278709867239e-02
-2.276631936438925849e-02,-2.474914600134215520e-02,1.056807250738305351e-02
1.693508561030569043e-02,-2.391349034836116189e-02,4.392066610781547586e-02
-2.279174176442846228e-02,-5.983884770555933375e-02,-4.545698056968801998e-02
2.839849805448488307e-02,-2.539337179876257136e-02,-8.109367508056411489e-02
7.031503608436592834e-02,-3.508487897419596685e-02,3.070858978929727479e-02
-3.358343186055609466e-03,2.130597427924630846e-02,-9.118895568069879110e-02
-2.667443426406731696e-02,3.708676160761411461e-02,-2.870519968887278936e-02
-2.875338889982228044e-02,1.463469398206233008e-01,9.544620363431021576e-03
-9.499081933409410372e-02,5.561185339519644777e-02,2.125288701609269124e-02
9.514052662638584901e-03,5.247032514063927275e-03,1.937892704113617498e-02
2.693054516198825285e-02,-4.146471527575912308e-02,-7.176500179068120988e-02
-2.802880695700484676e-02,9.472122391437262298e-03,4.920276357392479663e-03
1.322413761877754869e-02,-4.586919690406986855e-02,1.628912581874916027e-02
2.699955730306353302e-02,-7.067133856650203994e-02,-3.555850077216674010e-02
-5.972158836437115037e-02,-8.078371264496644888e-02,-1.898082113111504085e-02
3.677242645181438147e-02,3.045102514198775451e-02,-9.024887878126216373e-03
-5.901679546472817645e-02,3.838040855989958283e-02,-2.104807166374137242e-02
-5.358241793920009988e-02,6.796277499590182292e-02,2.488308834986708955e-03
3.491394099779967369e-02,1.584315896608430585e-02,-2.105151486375754326e-03
2.907039570423487068e-02,-5.345805499378029207e-02,-5.544221897791826170e-02
9.846883838034548031e-02,-3.382282093213225677e-02,-5.962853336127734577e-02
-4.514223289174595921e-02,-9.520941062132500313e-03,2.698273267602357972e-02
-1.766628923463559389e-02,-1.139507009285647271e-02,2.056601691967921419e-02
2.784920252580813226e-03,-6.134894285348672233e-02,1.906851970891301415e-02
8.502459120570182716e-03,1.523027217682051092e-02,7.564844268827911056e-02
-5.468751388257242496e-02,-1.876395080920818109e-02,6.662490452727735935e-02
-1.577817336976273035e-02,-5.008345572161090192e-02,-6.136087830861478021e-02
3.392617839727097868e-03,-3.852070443215524368e-04,-1.423340072878516742e-04
-3.924253526166398415e-02,-2.576705988585418008e-02,2.675053534128508242e-02
-5.305868318793497546e-02,2.094444930949792422e-02,-9.578042174356930782e-02
5.421936213889879536e-02,-1.380401844478163637e-02,-1.847768475449726444e-02
1.319901729739674564e-03,-4.067312004574054340e-02,1.719985020209396920e-02
5.075467488735135174e-02,-4.485942648706929547e-02,-1.608327349873682477e-02
4.516374141899313563e-03,2.708865158970768031e-02,-7.977920713326427937e-02
1.192826136156720507e-01,3.799369305223863468e-03,3.134359383904890967e-02
-1.977202703644658638e-02,6.654933705435503444e-02,3.342951985085011735e-02
1.893216783643071610e-02,-3.896723254766735339e-02,2.396142042815874174e-02
4.764873608636467379e-04,5.827412085954541271e-02,-4.684757126226241075e-02
-3.839333359497752035e-02,7.257382707075694592e-03,4.621176491141816729e-03
5.100754751600744194e-03,-7.419842841794131727e-02,5.560351213801312947e-02
4.608983271831494644e-02,-9.631213878979102971e-02,5.943987540508526707e-02
-2.098833722783268255e-02,3.369546402158792031e-02,6.041916231647950081e-02
2.549320043902738447e-02,-2.825847436663338902e-02,2.187658685381809950e-02
1.328006407338251996e-02,-1.429797944427869038e-03,6.866932949153688182e-02
-1.441429643344360571e-02,-1.841135648521346341e-02,-1.928781253216283603e-02
4.690769232794893273e-02,3.483800493176196500e-02,-7.983507437953268893e-02
6.504627713591531156e-03,-6.555044793620445898e-02,5.229705546776050595e-02
-6.682221841626701832e-03,1.039777641201960860e-02,2.758573817100513567e-02
-2.013592870643478566e-03,-1.831329699507413741e-02,1.862642992093231989e-02
-9.178227994549283814e-03,5.196161667949323465e-02,-3.872390581361883494e-02
-7.286547874344535825e-02,2.524505905720958454e-02,4.547415670091603523e-02
1.615488618729523165e-02,2.530460117250063826e-03,2.097285361047905930e-02
-8.933118525262004339e-02,5.995856337655631335e-02,-4.999736732113436999e-02
1.080302594010715440e-02,2.873505652058659654e-02,2.679709876953533312e-02
4.310150509072337675e-03,5.350352484382519397e-02,-2.544542398031138242e-02
-3.408466882126860026e-02,1.171298168743602035e-02,-2.761143903182753170e-02
-3.496701097854953977e-02,-6.647231271690229315e-02,2.095050452272843866e-02
1.353548412606259480e-03,5.259064029833987464e-02,-1.213623397361117753e-02
-1.248493301170452464e-02,4.369230091702308062e-03,4.922472347123461878e-02
-8.688519681350136484e-03,-7.849636532301602909e-02,4.263244773761109239e-03
7.175794506508214807e-03,-6.037215723189846839e-02,-2.663588323515203582e-02
-2.985175866439868445e-02,2.109196339668267719e-03,-7.778310208766964218e-02
-1.044860510916158641e-01,8.725247513397428600e-02,-7.814743478375725180e-03
-2.412825898755053405e-02,-4.830298034172419985e-02,4.171812572316673656e-02
6.951850767458502001e-02,-2.267996631516283265e-02,1.281666479127544812e-02
3.359473978259122640e-02,2.270571325126732876e-02,-1.290049885480273537e-02
-3.315627579001135389e-02,7.950133907953900458e-02,-2.956287879706985880e-02
7.346883742549251139e-02,-4.084294878275739754e-02,-6.607423915478457220e-03
-5.077448885007228990e-02,1.428834425446512141e-03,6.566318948233840214e-02
7.838964925301369902e-02,6.316608138979420972e-02,4.090312858456988249e-02
-2.633199737756092632e-02,-3.015905083933231173e-02,-1.597377736296450371e-02
1.416137395914354204e-02,4.713711318293084540e-02,-5.253065862774432271e-02
2.126515871635067598e-02,-3.049374022552699126e-02,-3.166695440647736975e-02
-1.130872360454776571e-02,1.131175924402850162e-02,-8.799581341216420466e-03
-3.042636788224156730e-02,-4.576051888645304294e-03,-3.262728227247141399e-02
1.056361509455828671e-03,5.804860323128586182e-04,-1.969929172231226974e-02
3.775212356131863595e-02,4.538161164798444613e-02,-3.309448397996297281e-02
-1.051487984115902739e-03,4.300336544618486162e-02,-4.128966847370392490e-02
-4.054650832111323343e-03,3.159796892280754797e-03,7.162740212793262083e-03
-1.158560484308508894e-02,4.757106541206498201e-02,9.218398583321577716e-03
2.283802123782991203e-02,3.478297987470149732e-02,3.637657219005944326e-02
-5.330915053866815828e-03,5.964139294958081816e-02,1.136032606094740730e-02
1.648175762274908807e-02,-5.414473547452547386e-02,-3.960818819323526363e-02
-3.593511914673898355e-02,-2.686492798932001245e-03,-9.911750909846734833e-03
5.782920554955238435e-02,8.866586733297470574e-03,2.518806795077609129e-02
5.469898065800039150e-02,2.123675163552661213e-02,-3.861108626324552540e-02
-1.448458680859698172e-02,-1.094800597747125695e-02,-3.441735858587500335e-02
-3.680711305421584950e-02,4.149841253276346370e-02,1.183475798162004176e-02
-2.499449677579507201e-02,-2.870385226994953687e-02,-5.322479928407099214e-02
3.647604771053877121e-02,-4.912556185119638930e-02,-1.221094043128303488e-03
2.576334919107876181e-02,-9.427052949086932310e-02,3.883305257841020326e-03
2.313214180496057405e-03,2.380818073856290698e-03,5.492228936718876464e-02
6.891035381037496910e-02,-1.832857010425225849e-02,-8.347795760140851173e-02
5.465440369157746614e-02,9.335775404873387570e-03,6.407146970483176829e-02
-3.679354807378063842e-03,-5.659313415210881493e-02,5.678721869646245063e-02
-6.334070693551931835e-03,-5.746248638110785373e-02,9.980325515089804103e-03
3.732284725658412128e-02,1.459074197002828074e-02,-2.074060120955601577e-02
-3.600360130806127407e-02,7.521595901326866285e-02,-2.460960132815540741e-02
-4.249739132741799791e-02,-3.524077369845613362e-03,-9.840239307712803779e-03
4.438865435041693119e-02,4.970490824736130409e-02,-1.951467512218461875e-02
2.040323156189491685e-02,1.221895388163710648e-02,-4.795172209285909239e-03
-5.074327793170188561e-02,-8.795953563959441664e-04,-2.320165107555121394e-03
7.810663062397932115e-03,-1.878741942372646329e-02,-1.003950165501996117e-02
-5.235560578994365860e-02,3.411379962440840019e-02,-3.811151479446689416e-02
-8.523079220787448465e-03,-2.275106394267162671e-02,8.875598070317379518e-02
-8.474542123739055299e-02,8.049770145145591915e-02,6.303534455890562674e-03
1.136073032285604776e-03,-2.384079428925793206e-02,-9.136750296082191136e-02
8.569659358187986520e-03,2.325758249059702021e-02,-2.856081959531982239e-02
1.391465464577672055e-02,2.196585789541669054e-02,2.363628770645702717e-02
2.444722685491676137e-02,4.980515512989056731e-02,6.213112775458632525e-02
1.795119494942810229e-02,-5.192257050754369926e-03,-1.461048044749493381e-02
9.278926486462039935e-02,-3.713339456152963888e-03,-1.418312102301363085e-02
7.681076291662876148e-05,-8.627594159722057343e-02,3.958766236060222432e-02
2.299280359128860664e-03,3.232911432409528441e-02,-2.846148009696473913e-02
2.650071196367254425e-02,-1.940983965172123765e-02,-2.975217322606137429e-02
2.051288871668957917e-02,-3.415060804162120718e-03,-3.922579442513255549e-02
6.726409008530118139e-02,-2.729021006870485655e-02,2.819699730713267141e-02
6.014470794823927220e-03,-6.552083929271698692e-02,3.140489801622221855e-02
2.005493651673383171e-02,2.651853137392096637e-04,3.271576085393462091e-02
5.997875590882759123e-02,-1.777857601497695450e-02,-3.360239990508474134e-02
-3.221496348908581969e-02,6.931208307774126831e-02,-6.604822396911576299e-02
-5.139014954177670985e-02,-1.124910441959454943e-02,2.169886877012339871e-02
6.636299921779965916e-02,-3.427566508612036461e-02,3.214813131193689638e-02
1.699082572733041918e-02,9.198096611598856331e-02,3.379364146950081943e-02
-3.364454139211786599e-02,6.198796846679891642e-02,2.412627641133274423e-02
-2.413342273185732287e-02,-2.114082496234231945e-02,1.927553964896642873e-03
1.164625131411969709e-02,-2.016189347326697787e-02,5.797334188671360126e-03
2.259723439182830668e-02,-6.046233250618121557e-02,2.237781727227516892e-02
-2.779057236557197150e-02,-4.592373362908856900e-03,-2.914716391900757514e-02
3.788656500477202010e-02,6.855151592356813206e-02,-5.157425922098399923e-02
-6.277918822520288378e-02,-9.734167412626755500e-02,5.700520077684226999e-02
1.304025420578057079e-02,-4.884559736588636736e-02,-9.662007028404724640e-02
2.122255139124278392e-02,-9.856665417164093765e-03,3.045630266709140402e-02
1.980651355567050742e-02,-8.867320609238178719e-03,4.359128599573382223e-02
-6.123766597112634269e-02,2.403468937549532985e-04,-1.222675438163528527e-02
-4.413863454305723411e-02,2.022533346661076550e-02,-5.962179855280005242e-02
1.373523289381934839e-02,8.119317978357475790e-03,6.035084178515014164e-02
1.505049012357856549e-02,3.720028870882425426e-02,1.052959060536151452e-02
-3.541848047294521296e-02,-5.328017251466120319e-02,-6.610132450662136415e-03
1.799027699413234191e-02,2.937596467807280717e-02,2.627828813608183017e-02
4.938821976918472689e-02,3.991546220804766815e-02,-3.368685698254459543e-02
-3.038461633216106225e-02,-1.996385943142902838e-02,-4.082446928654281937e-02
-4.847099961110815092e-02,4.548392652099526173e-02,4.457122947521131862e-03
7.974024163379774682e-03,4.225334359039781273e-02,3.333035287243212019e-02
8.132105973543569261e-03,-3.362350827270359048e-03,3.104408914533333605e-02
3.125807004906547976e-02,-2.092813839009860163e-02,-2.642294688388800369e-02
-3.354739121583492911e-02,7.872868217335399210e-02,2.310799047635912068e-02
-2.110828657636412697e-02,-4.890375380188229093e-02,-3.156203163702815673e-02
-1.905823253207934026e-02,2.961628554840493172e-02,-3.810050183149986391e-02
-3.327130588231049652e-02,-7.680784530011025568e-02,4.463135686926620466e-02
-6.927288930789000931e-02,2.080426399328924245e-02,-1.780572564636291729e-03
3.424967265104753023e-02,1.563390339057654788e-02,3.953691021315761112e-02
-1.473516353812242240e-02,-7.960616302320248916e-03,1.067673747324462442e-02
-5.440593985794620752e-02,-6.450305747993850813e-02,-2.570993343253680403e-03
-2.687444819821172351e-02,-4.260900324227868269e-03,-2.247072260271328753e-02
4.996963927173615760e-03,5.236629198286330000e-02,1.718542061897174872e-02
-4.551702621833101509e-02,-2.767531301222002707e-02,7.245492171406839321e-02
-6.353847104967666644e-03,9.339434252553877741e-03,1.376538794744218940e-02
1.362511418744839428e-02,-6.188783628953799937e-02,4.474629062555439407e-02
4.611032559500480299e-02,6.657787630487653485e-02,2.620441016903321541e-02
6.776788633384758787e-02,-4.961008661258484859e-02,6.205960717491918605e-02
-7.934814862055515616e-03,-5.470485013984833361e-02,3.561522021930742243e-02
-7.350595554096947537e-02,-2.831024537095840066e-02,-1.364048752085504981e-02
7.154138648993153826e-02,-1.601426890912202236e-02,-3.555714162573427733e-02
-1.360858794869056025e-02,-3.725424034619113922e-02,-2.958381129548015923e-02
7.395811696287953041e-02,1.189325668034695721e-02,-1.742872506025434920e-02
-6.504067879705721124e-03,-1.570387831002868773e-02,-1.311125506711639105e-02
-2.279565307513043218e-02,8.996579415087290268e-03,-4.042660277495065124e-02
9.611730934886940358e-02,2.266284808281296415e-03,4.397893102338128885e-02
4.757380272538203059e-02,1.824511437645669545e-02,3.380027451950760875e-02
-2.473426220691271257e-02,-7.643080480541876442e-02,2.199370529310014713e-02
5.073080217815930520e-02,-7.980924796472906035e-02,-1.762357278320589998e-02
1.093158303016532745e-01,1.976478912295024509e-02,2.053534568227977433e-02
9.222659955741621673e-02,1.668971594400571815e-02,5.282599540963414490e-03
8.642793037447385474e-02,2.005783086566773413e-02,2.724765276309890072e-02
4.488718402930758078e-02,5.646720544597473579e-02,5.551448624091080697e-02
-6.629969206325905806e-02,-1.464829125858872760e-02,-1.154457378482995344e-02
-2.079282802353420515e-02,8.001558245403761482e-02,-2.267491586414000296e-02
2.778151008852442275e-02,4.607074700933883743e-02,-3.454088620446230107e-02
2.635631868966434310e-02,4.472311681605856820e-02,-5.193197008693937328e-02
1.975095804129113999e-04,8.303100264907911643e-02,1.461686580887991763e-02
-9.574463643991999728e-02,-4.585560649377193321e-02,1.028407715741236524e-02
-3.488986330210471290e-03,6.854390165378974973e-04,3.143135569677535379e-02
1.092220720467345675e-02,4.974988130662508917e-02,3.883584264422826338e-02
1.951145132458861203e-02,3.875598698269466097e-02,-6.060730571761505786e-02
-1.928622236139536719e-02,2.489923666292078591e-02,-5.102577465035417620e-02
2.837581574189346548e-02,-7.246817142814805657e-02,4.277232222224871400e-02
-4.504703654091390952e-03,2.170961122740741600e-02,2.854293061200424871e-03
1.161603512512876524e-02,-9.789327651330117022e-03,-6.161931236343267705e-03
-9.172456567479822520e-03,2.965511050175893490e-02,9.222352196081367789e-03
1.827032085454021945e-02,-5.780939546947739399e-03,-9.934763133070522584e-03
2.653576689950837286e-02,6.060478860730821038e-03,3.625880213404965996e-02
-3.091058721369100218e-02,-1.008922809381146077e-02,-5.349662324389065082e-02
-5.574890590664651618e-02,7.808049391507124529e-03,-4.651299810555769437e-02
2.754903523612670536e-03,2.764116558971585480e-02,-2.534447310711234261e-02
5.760820777729840775e-02,4.728519066963184775e-02,2.543703992092839327e-03
-7.389226731615193555e-02,-5.065326226368032508e-02,6.131975493437869656e-02
-3.126853665947121330e-02,-3.739403662400957173e-02,1.878146150653298846e-02
-3.808249624466387984e-02,-1.683899265574781076e-02,-8.952277739785916358e-03
-3.826509479828191923e-02,-2.548599376096277389e-02,3.500980474366929135e-02
4.397220178943107849e-02,-4.715701913340678009e-02,-7.503232374129234494e-02
8.021216547043498457e-03,-3.416351099901641236e-02,4.606450962308689806e-02
4.354413334912871081e-02,-5.289810120779153690e-02,-3.947196939565150026e-02
4.160444134812639472e-03,1.331906207514029980e-02,-7.874946062280804501e-03
-1.765415285243037910e-02,-2.148627263475842708e-02,3.707986626979656308e-02
6.838069871547216780e-03,-2.025184391922580859e-02,6.175535802054867712e-02
-5.647002178739959216e-02,-6.477274507951447102e-02,-5.598488664508910993e-03
2.455119375997951488e-03,4.380298017828931911e-02,3.738113590507841089e-02
-4.422777460036613623e-02,-9.534968109325385466e-02,-9.497797851859138274e-02
7.668503389165340356e-02,1.759260006817648173e-02,-5.125492775005544921e-04
-1.918643312489290778e-02,9.806155876763489321e-02,-1.587151217443318052e-02
4.243447917233118469e-03,-5.356842305455741977e-03,-7.181005679180381407e-02
2.120273080116975156e-02,-1.713384507319072950e-02,-2.769184877638518338e-02
2.602189918588933282e-02,-2.437163718262067014e-02,-1.743065144592567325e-02
-2.954669132100539233e-02,-6.538302912780977194e-02,2.568363176247272228e-02
5.813901209245205676e-02,-1.246492808488224371e-03,1.142195838544014970e-02
-5.317820247128682114e-03,-3.459197081221258852e-02,4.117937661954086670e-02
-1.448814084481241105e-02,-2.522436265833148672e-02,-3.753166399880084741e-02
-1.818107285798181575e-03,-2.769798353687202841e-02,6.362587613252590479e-02
3.946730985416032483e-02,2.809550686198253322e-02,1.573161549190407391e-02
3.112864526685990910e-02,1.607894855497908268e-02,-8.320385696605649140e-02
-3.707908847073945746e-02,-1.686922466969368109e-03,5.514215412981329778e-02
-5.156125004623338115e-02,-1.739278737568972222e-02,4.561458431212788572e-02
1.596526322197271835e-02,-5.530508015241809155e-02,-5.793460262228195164e-03
5.723732424335439134e-02,1.859855499605284762e-02,-7.666819586650538976e-02
-1.337785548180604051e-02,-1.557909651903815335e-02,-3.835570986273418442e-02
-4.819865489725799756e-02,2.009609020538833529e-02,-1.791385156680923643e-02
2.999071718194551775e-02,-2.217144492444203356e-03,7.991032735618659733e-02
-3.376329839019374252e-02,4.005540604716239378e-02,7.759204929956887986e-02
-5.080078579694270735e-02,3.446092507780693093e-02,2.420111589958263282e-02
2.985001976843007845e-02,-4.621184080495277513e-02,3.527580989284462287e-02
3.482457934799434995e-02,-2.284598185396014697e-02,-5.089574758964180573e-02
4.380680939003484681e-02,9.641583545578958270e-05,-1.509794293033873622e-02
4.649700043539469613e-02,-7.475754121134348118e-02,-6.456421343531695833e-02
-1.694824809703695742e-02,-4.435272823846033580e-02,-3.963657627594558558e-03
-1.765764276156310195e-02,-2.332149199292860020e-02,6.620188204716256908e-02
3.489634545812369398e-02,4.908279941096817256e-02,1.038772069473202220e-01
-4.444983965025469524e-02,-2.570773432742365101e-03,1.588041912380716569e-02
8.073468883436318855e-02,3.543919219300629281e-02,-3.146507399251873699e-02
-2.518114625026186826e-02,-3.481337189370140028e-02,3.709669270323879414e-02
-4.381453582378857375e-03,6.321433340454293663e-03,1.358182577394648725e-02
1.728814605436443733e-02,-3.992665571231239496e-02,3.130833250373203647e-02
-7.979241886641258441e-02,-1.507886273017853662e-04,2.664937731730902815e-02
7.952545210128953291e-05,6.528342323327414320e-02,2.589148281296238877e-02
1.882567094886246351e-02,-8.558872249385406777e-03,-2.360649328442418135e-02
7.480946982799889511e-02,4.386728151152938238e-02,-1.320406799034391787e-02
-1.125760037641523360e-02,2.909207568025408072e-02,-4.836346159565037967e-02
-2.823963963903416974e-02,4.621770861797667995e-02,6.480655467074603049e-03
3.268054043098831546e-02,-6.490010594093448965e-03,-1.743308263048771317e-02
-1.591520063975893767e-02,7.210492679045586890e-03,7.588269375723072363e-02
3.117599899746226894e-02,4.911656778707331611e-02,3.471939713585860815e-02
-4.994583488428780416e-02,4.978571443478264913e-02,5.485028232034335621e-02
1.984492221565401296e-02,-9.619364749917698465e-02,-4.860261302935989930e-03
-7.734512515708201648e-03,-4.049432434076192903e-03,-4.986997347798415026e-02
4.210470588798183311e-02,1.414260344160163212e-02,1.350974366028387733e-02
-4.590565706415983271e-02,3.965095476001274238e-02,-4.747774679253293634e-02
6.160759918534351037e-02,8.349506273778466506e-03,1.399650155397301823e-02
4.906523325045153427e-02,3.685891407121685143e-02,3.348307714178258218e-03
5.414199175045771896e-03,-1.504811674048709552e-02,-2.235295167733361218e-02
1.800987180276893140e-02,1.500617619901055064e-02,4.944759154772077753e-02
-6.869549622702819831e-03,1.175763953119854550e-02,-1.103411695577757694e-02
2.499085245997268931e-02,-6.888285040793341862e-02,-5.434331533267258707e-02
3.037598237841332080e-02,-7.554150907778857220e-03,1.374936392557030672e-02
1.861412982296209093e-02,-3.316120990978028461e-03,9.572562084952745964e-02
2.979697689344176087e-02,4.090655996326286042e-02,-3.965192288852670277e-02
4.974716076671127640e-02,1.584526586679041883e-03,-1.096208145476627698e-02
-4.284275837165938544e-02,1.354246858562153065e-02,5.513925558547091987e-02
1.091386322093455645e-02,4.265684389603606463e-02,-3.463169177427471990e-02
8.282270512707544385e-02,-7.539262233255068606e-03,-1.078282810978570608e-02
6.943135682646132782e-03,-9.940893060244379922e-03,1.179967839815506403e-01
3.284416651867522186e-02,-8.245268524021780177e-02,-3.936370007117701020e-02
4.205999760721629115e-03,-1.515880475817510745e-02,-5.864890715435215618e-03
-5.102278692164765456e-02,-4.668218294984181199e-02,2.814427143471790425e-03
3.723191207758612398e-02,3.769736952697823329e-02,-4.728331204618923048e-03
3.757556932692105583e-02,-7.014007966351484824e-02,8.499405459194545043e-02
1.999201789184504655e-02,-4.027401410935118470e-02,-2.401450864597118318e-02
-2.266078790776625046e-04,-4.095381158308964396e-03,4.728019785545491127e-02
2.515296589203759939e-02,-3.574812083413562991e-02,6.972752513037665245e-02
3.700942121294401727e-02,-5.429295434817760224e-02,-1.197369760367479434e-02
8.727539243718042405e-02,3.217395961763532680e-02,-4.674835769703482302e-02
2.357031057273289293e-02,-1.264285813412511020e-02,-3.455349505222261516e-03
2.679961675471244018e-02,-3.152487549512050097e-02,-4.554641528541334555e-02
-8.810915934477592205e-04,-5.147789439435647429e-03,1.013343229495873750e-02
-1.882932718988005252e-02,-1.088625641081662938e-02,3.982209181744323506e-02
-4.878355452309800916e-02,-8.614556882838153920e-03,-4.343518998318787738e-02
2.003275486636492755e-02,-6.089911145029895667e-02,2.037339299354492053e-02
-7.207515257396036185e-03,3.180312185029585126e-02,4.408335292851048304e-02
-3.496049052538821589e-03,1.494521005927222819e-02,-4.525904324969012155e-02
-2.256827869153255409e-02,9.796182225753489320e-03,5.046611991438137643e-03
-6.423629113099941883e-03,-5.589173651326545880e-03,3.792853753498440922e-02
8.598013016269601128e-02,2.818727533979692793e-02,-4.244437245617802695e-02
-1.171020784051844676e-02,-5.473722847024123025e-03,6.643203673340221382e-02
1.239917167620919504e-02,1.909570689312633726e-02,-4.542145724828074854e-02
1.887898648591966252e-02,5.024198662126657527e-02,-2.630173051155299674e-02
1.619437736704775269e-02,-8.457741780135979645e-03,-1.882101293815072879e-02
-1.484892341794259545e-02,-1.457728963056683161e-02,-6.164557580786388796e-02
-3.035610416149008006e-02,-1.377056501973646097e-02,4.411444682789100041e-02
1.254743676870684853e-02,-5.107918334967739143e-02,-1.437990501923904624e-02
-2.699481772150758713e-02,-1.758520368080611351e-02,-9.522479257177628512e-03
-2.826377612811520335e-02,-2.656179870253405281e-02,-5.243415938352156969e-02
4.150216068016196491e-04,9.870751501933066815e-03,4.793077595758617887e-02
4.530789010084239343e-03,-2.745648963751096822e-02,3.846139647700879544e-02
-5.392451515823142721e-02,5.632100653695233487e-03,1.817194513387933655e-02
3.061960123416996096e-03,-2.201016378238725840e-02,8.275836682218607951e-03
-3.695311289045802305e-02,8.182496555823007278e-02,4.290165815812737454e-02
-6.202520065081346817e-02,-2.847389644078483772e-02,3.934018418571560288e-02
1.110241448829454511e-02,-1.889650008217134622e-02,3.912866487317023106e-02
-2.327516960448701086e-02,-1.986353806614012726e-03,1.085377947621093573e-03
3.403103363499768858e-02,-2.625915015726748569e-02,6.370601201747976006e-02
7.910675720796810084e-02,-6.110136600579541000e-02,-8.893275850508684799e-02
1.627128712916584008e-02,-5.188594194162345768e-02,-3.780108804580500220e-02
8.428718825903569467e-02,4.223093272621117333e-02,-7.518190409667611582e-03
3.360089548543129800e-02,1.803217874238893792e-02,-1.707030761833015081e-02
-3.254281502885035537e-02,-4.756715293925738793e-04,1.265222132389583025e-02
9.494654182454782126e-03,5.589438759632675557e-02,-1.586832097483175871e-02
-4.177511953032694500e-03,-3.285654419923277753e-02,1.778260550401488879e-02
-3.619150432950551943e-02,4.796684707616108434e-02,1.700943015158948995e-02
-3.841612721694011301e-02,2.244394227320419682e-02,2.497403684395970921e-03
2.370600741982890891e-02,-5.624299631581729242e-02,3.206296157903717331e-02
-3.719750330018550821e-02,5.824773486363402780e-03,4.375334396431228290e-02
-3.585591021959179392e-02,2.017186064143161074e-03,-2.069291684217355529e-02
2.901388506349186075e-02,-3.076462556370033324e-02,5.397225526967990711e-02
1.374681684600364412e-02,8.095877424246417098e-02,1.392171803730432068e-02
1.468488837166784071e-02,5.430412054421902140e-02,-7.885069539266600924e-02
-3.873760287489924625e-02,8.928783536859542097e-03,4.186940758450581612e-02
-1.034450004782440542e-02,7.205202405151389655e-02,-3.111365886410175086e-02
8.741636405228713977e-03,-6.958837254914867695e-04,-1.186653511990113768e-04
4.250952566953212358e-02,-4.162975657628964488e-03,-9.211637977937368882e-02
8.416984257173269757e-02,3.073544862346790085e-02,6.776281981698702161e-02
-1.635821235486680653e-02,8.579559536584610568e-03,3.933059316661343535e-02
1.609282950882438834e-02,1.760560741387537723e-02,-4.582565900181808510e-02
9.696289842243046436e-03,-4.245447177520487309e-02,4.243811397016466341e-02
9.395784878458947331e-02,-6.307770526661977961e-02,-1.709840671437105192e-02
2.525862445698532840e-02,8.633815557854945810e-02,2.376550503372999723e-02
6.154555874009666472e-02,4.071672374595763921e-02,1.348339514276100269e-03
-5.539490354924186261e-02,2.555694475469117224e-02,-4.603018321010567820e-02
-1.774147115486215704e-04,-4.895474020825198863e-02,-3.162913428560022028e-02
-9.350502716492563315e-03,2.664793621607682798e-03,4.327895698347310194e-02
1.111717587796325589e-02,2.449012236573174656e-02,-1.336102177602174063e-02
4.965326669301009521e-02,-3.137573145826621362e-02,-4.311384004253376173e-02
-3.484844218436746605e-02,2.428220056925210670e-03,-1.322331789348571082e-02
1.389522693504144542e-02,1.846272404088485086e-02,-6.187298012952283273e-03
5.636946645846942433e-04,-1.759894883241446342e-02,-3.088526855149534289e-02
-2.787273325639522126e-02,7.524651625613180440e-03,-1.384657009919548938e-02
8.896968483293619945e-02,-5.050243990900517288e-02,5.506330788865154008e-03
-5.993107546955473569e-02,1.136011306058923483e-02,-4.119328833518928583e-03
-2.319091531191574615e-02,3.421272577085424094e-02,-3.746036234029631595e-02
-3.307557406439907283e-02,-1.972836277398217625e-02,2.785064617428095746e-02
-2.774372262552148374e-02,2.679416563866936912e-02,7.665544129075084478e-02
-7.606884638137678505e-03,1.624036075015040242e-02,-1.311147953901584985e-02
4.481023189974683851e-02,-4.328961061493497779e-04,2.903325149448231571e-02
4.924068925678896230e-02,4.847511552621037458e-04,1.091851412523227143e-02
-4.746800854264525416e-02,9.280612610057642139e-03,1.153417166571034207e-02
1.382751834799980997e-02,1.890235963719825996e-02,-3.686439321446697073e-03
-3.031652653670548897e-02,-6.590067456849309224e-02,4.638702167732339926e-02
-8.804935333307559175e-02,9.660403868656577964e-02,-8.818209605873946963e-03
-6.437131084646161190e-03,3.609849767670662846e-02,-1.239851676879445870e-02
5.480841818010266653e-02,7.564985343959346013e-03,-3.092009708612578501e-03
6.608976846351471979e-02,9.084912726624580492e-03,1.204363063574081100e-01
8.287916434982236201e-04,2.340457750680774093e-02,-1.475910637328092453e-02
4.172734373701390831e-02,-5.562258420029072767e-03,3.648938506352105565e-02
1.368292540156918272e-02,4.417727592532962738e-02,7.430821589266492153e-03
-7.696520293145793501e-02,8.952364654899224242e-03,-1.609273245165787972e-02
-2.380144410673466771e-02,7.939432320219487471e-02,5.307709341593287722e-02
-3.059958768351916589e-02,4.229326636197654893e-02,6.603171949103808780e-02
-7.244576178549999405e-03,-4.176791615464373747e-02,-3.459308814328090897e-02
-5.862925127802003089e-02,1.774229303433782871e-03,-3.605476862122186654e-02
5.037408224255023742e-02,6.945044736257523221e-02,-9.363483510742277860e-02
5.086484262889496427e-02,2.807336933041365903e-02,1.405638066920519569e-01
6.632058141590950473e-02,-7.831342133726407195e-02,-7.485298280463517639e-02
-5.958859526774882773e-03,1.018714422725097435e-01,-4.253002440417349289e-02
-5.489310914003273957e-03,-4.089340609788623404e-02,1.467194469106285551e-02
-3.616677856578907630e-03,2.636229090555335455e-02,2.456859233180173560e-02
3.090622077549714034e-02,7.270508624533167982e-04,-2.643351095148871802e-02
-2.345340460401977578e-02,1.579077679596166406e-02,4.147695198421786494e-02
-3.985563003201028631e-02,-1.070051228671175213e-02,7.908694039521116381e-02
-1.152316590091654637e-02,2.259838412297439023e-02,-4.444941143090083008e-02
5.707923217647490471e-02,-3.046072448795651699e-02,2.537747476936487792e-02
-3.977796927793975090e-02,-1.200824405017859343e-02,2.921700215952964877e-02
-4.350734549930111023e-02,7.776798332388318302e-02,6.542153417197625609e-02
4.409827269153257685e-03,1.867556511421860840e-02,6.249183697096887674e-02
-4.621324244226197170e-02,-2.308486945991434364e-02,-7.719787975608627395e-03
-2.883492960279919123e-02,-8.760545360961539962e-02,6.191975955465909426e-02
3.397133956005707334e-02,3.737527809337829864e-03,-4.278546389906288938e-02
-4.977291074803207906e-03,-4.146845600136478405e-02,7.481557804567119663e-02
5.153059499509867261e-03,-4.001583728391354400e-02,-2.071003173013037657e-02
-4.058060739968884223e-02,-1.103581047042545039e-02,1.058691679981372223e-02
1.871221374837083633e-03,-6.918803228437914177e-02,6.173134759398345162e-02
-8.220404010583590160e-02,2.401446977449481213e-02,2.792487778493956199e-02
4.785937122174051955e-02,-5.949211269865007506e-02,-8.970944216775435937e-03
8.489816440828827637e-02,-3.707780652128166068e-03,-1.000541948003908915e-01
5.940877816112810801e-03,7.744829376856439030e-06,4.041451097132110239e-03
-2.071809345962975779e-02,1.054704188744622767e-01,-2.064199921013518124e-02
-2.114847380990587250e-02,9.592151769893123361e-03,-1.946115853778858720e-02
-4.816465989198858051e-03,-1.383765012685235669e-02,-9.638308869703110515e-02
4.940638171878686952e-02,3.131741312194639276e-02,4.786528355109231220e-02
4.176376892616231323e-02,-2.529043798608034133e-02,1.057754220700863647e-02
1.206438497459433150e-02,-3.485025644580699161e-02,-3.397624354951753450e-03
-4.333864196256444895e-02,-6.481389188703676543e-03,-5.912845225878266692e-02
5.625644658450180274e-02,3.221351692229496022e-02,-2.640947040829156808e-02
-2.991125197973999034e-02,1.068617742598288595e-01,-3.682072945034254446e-02
-4.039708441644912496e-02,-3.577755779400541847e-02,2.395016724714458742e-02
-4.236655848475396474e-02,2.266224328658418552e-02,-3.439494754792409535e-03
1.436487407307440040e-02,-4.444206473731549673e-02,-2.676628983171257595e-02
-8.634659820203529484e-03,6.963587269938310842e-02,3.747556685499012913e-02
-3.504866688946762371e-02,3.529781756283421196e-02,-2.150195220278828395e-02
-3.659335376561110437e-02,-3.669001223595431960e-02,-1.016978749458915740e-02
-8.223123981091279983e-03,-6.692713656711155382e-03,-3.951640182569291643e-02
-6.394107059072166865e-02,5.345069282486265838e-02,5.945974658232574400e-02
-4.246153785229998118e-02,-3.346074827427283210e-02,4.741303376953567850e-02
-6.928175867700529442e-03,2.292256147500692370e-02,6.397785069172554073e-02
-5.673593908656757168e-02,3.248644863532555022e-02,-4.800730567774685355e-03
-3.213789483742149344e-02,2.499823053576361379e-02,-5.816737342500544888e-02
1.029068864433360479e-02,-1.345436295922491227e-02,4.965514097956278544e-02
5.720979680587978677e-02,1.250187990932317278e-02,-6.005882019421469181e-02
7.518002355334388841e-03,1.254809037316979327e-03,-3.247893829945201760e-02
-1.161511960075425247e-03,1.204655630883302506e-02,4.562025617212906586e-02
-3.597830685331537826e-02,1.247217141672277672e-02,5.400165883898900426e-03
1.181749458581146661e-02,6.977660891902376372e-02,3.461455396369647608e-02
3.496751330047236095e-02,-5.124885326802793711e-02,-9.173667556033644407e-03
6.948691092945317354e-04,-2.587679292650451462e-02,-5.321058105753343620e-02
-3.835392643779729147e-03,-3.079098545517738178e-02,-3.551496663606874826e-02
-8.140528649156079932e-02,7.374987210919005387e-02,9.512112689496383944e-02
1.660300418215653398e-02,-1.937485625405467940e-02,3.780357152492365425e-02
4.974423238722679858e-02,8.309194551729603972e-02,5.687158522242693331e-02
2.278039332323232233e-02,4.069657831100818857e-02,4.619184363205699334e-02
1.104264833781618549e-01,-1.846268762063364363e-02,-5.701222107659762589e-02
3.961375164055282866e-02,-4.658367357800988900e-02,-1.161900157366106516e-02
-2.570514368633264671e-02,3.492509780846594220e-02,-1.807141735137975103e-02
-5.528919832822275747e-03,-1.829064878416778589e-02,2.100264531088496742e-02
1.158457326836071812e-02,-3.254457423010327644e-02,1.173354240011189320e-01
1.467470859482316453e-02,4.229258829320557689e-02,-4.167665541829346926e-02
-2.053690194304356315e-02,1.295522407414297604e-02,-3.146654903485335969e-02
-3.332337138623225892e-02,-1.618496458213999553e-02,-2.431543214287655921e-02
4.679662890094273692e-03,4.693390764040462210e-02,8.482148584534521599e-03
-6.701156660093548177e-03,-8.289875319319077451e-02,-6.189827764483782357e-02
-9.335258000613182172e-03,3.086556250070254456e-02,4.653879680767224192e-02
3.888142327359797590e-02,-8.838262993640272347e-02,-2.248089104383449444e-02
3.216421954643804149e-02,-3.707649766232273825e-02,-4.480794318975126617e-02
-3.874201666760408030e-02,4.781962214514823284e-02,-3.907799577104612704e-02
4.397928564006250984e-02,-1.474984253655712771e-02,1.171453837887545014e-02
6.185433977785181198e-02,4.909658999373430616e-02,-9.975473485668495330e-03
-1.502212200366782879e-02,-4.902581639326674540e-02,1.299940922095017132e-02
-4.778828676720948965e-02,2.214543114162690479e-02,-3.234695764705885351e-02
-3.837039950237362742e-03,5.539162604805264456e-02,-4.743653755553119827e-02
-4.011208236514289538e-02,3.598805971476383425e-02,-2.752911360529540150e-02
-4.034534689821800413e-02,-1.806392939154438312e-02,3.411089593584434865e-02
-5.956211264726448545e-03,-1.959282625133446434e-02,-2.986819067672169016e-03
-3.823624360710832157e-03,-9.705192772821349956e-03,1.899498057939313402e-03
3.573318059369653098e-03,1.516196133508396042e-02,-4.048124042509092246e-02
-3.101243600952245660e-02,2.951208388753250728e-02,-6.549771207606754943e-04
2.568575868946575136e-02,3.324466960316676406e-02,5.877119938148574890e-02
-6.021690810498562391e-02,-1.513360213020434851e-02,1.438812461808135559e-02
4.610090289595995122e-02,-6.887066305950278848e-03,6.174370753420956037e-03
5.325679815202630056e-03,3.611093620293409634e-03,3.066078569064831921e-02
4.682398038884564434e-02,-5.373010003242586347e-02,1.652930571791702205e-02
7.836623885153699495e-03,-1.521213235949852444e-02,-1.844810962041025515e-02
-2.287313169389603232e-02,1.499011132778947999e-02,-6.337520250238921904e-02
2.434191176209099181e-02,3.431260791988512832e-02,-5.171739413218920389e-02
-5.087867268879775473e-02,-5.769199955179107886e-02,-5.625940465726195217e-02
7.190667169795401242e-03,-7.191280718053939813e-02,-5.929147639826606170e-02
1.020270035591554353e-01,1.753794628150099136e-03,3.504734260359721604e-02
5.217605930667081754e-02,-2.911427568976264081e-05,1.507096585987635629e-02
7.474651902009662834e-03,5.836006026224374588e-02,1.323950291237200108e-03
-2.005933076257084696e-02,5.381603500518972183e-02,-3.995827409678709419e-02
6.103100816009050800e-02,-2.038375910023909957e-02,-2.086997062940955990e-03
-9.119079481024736956e-04,-3.633573663144343269e-02,-4.194571871542155522e-02
3.697168107009504018e-02,3.719832890616339011e-02,1.288600534782916897e-02
-3.237609538436082846e-02,5.004993134420442080e-02,6.738769989467879862e-02
-4.053546390129573324e-02,-5.040470377189676214e-03,-6.725226648968266052e-02
3.959983074434317990e-02,-8.605576060974434033e-03,1.329678015531877457e-02
5.543271723070478801e-02,-7.806645011546062274e-02,-2.913376729143074204e-02
-7.202343090140342352e-02,-6.334787857738385930e-02,7.070094831664620882e-02
-1.517867362610597973e-02,-9.093522440824421821e-03,3.684161389954836163e-02
6.687010726884184963e-02,7.331108069331028487e-02,-2.133568806753166278e-02
-1.542548930537575649e-02,4.788398054625469386e-02,5.301801447439564996e-02
-6.554374804422669065e-03,-1.017027928376291156e-02,-3.429272317231296663e-02
-2.198093226158581021e-02,-2.618121844422979447e-02,-1.767134333453784095e-02
3.645005854593117572e-02,-8.658478543615389517e-03,-1.239551332553595793e-02
9.268394609251510985e-02,4.231179102733463593e-02,-2.368018498884938081e-02
6.451765169657781851e-02,-7.211868998250278717e-02,-8.346857039251805166e-02
-9.692364901851327486e-02,2.911367412202126373e-02,8.401605274497206399e-02
8.618405450139322507e-03,-3.749831173162000274e-03,3.129475885117020961e-02
-2.414046619457877949e-02,-3.842778104180143844e-02,-3.794981472302657449e-02
-3.242947477461111810e-02,-3.003204645033543535e-02,-5.615663946143934805e-03
-2.298269094232964146e-02,-1.340321832892023453e-02,-1.612720057411274298e-03
8.552485016561252665e-03,-6.172794739161851368e-02,1.137485743266168463e-02
-4.235643420180038726e-02,4.542165183054840127e-02,1.879666704359922794e-02
3.130913426038595126e-02,2.488134687033322773e-02,2.813602974954942937e-02
4.031210930066171649e-02,-1.464473800333699997e-02,5.260339250554180862e-02
-6.594720124008686402e-02,-2.474215458043255850e-02,2.784823274162885956e-02
-1.304109331222221835e-01,-8.102036081734430295e-02,-1.536947144139763632e-02
2.600350502351977261e-02,2.204021323490765183e-02,-1.080163646367854682e-02
3.543993653473606620e-02,-1.544207497409699759e-02,5.953761080251963184e-02
-2.371656586423915788e-02,-3.111566234295974967e-02,-2.653944993722504985e-03
4.113433550071151495e-02,5.351326776658487522e-03,-1.061837708169842756e-02
1.952605059356211578e-02,2.531043725625078261e-02,1.052064441298404887e-02
5.465136644421696166e-02,-1.169379090582671477e-02,-1.356985452165455387e-02
-5.535099789824966809e-02,-7.879415283749613419e-02,4.527668511582933625e-02
-3.605028425290777994e-02,-3.568454257781379126e-03,6.070952155540651658e-03
-5.789613245468758045e-03,-5.485016733049696142e-03,2.297314483101587854e-02
3.125575810058156545e-02,2.213048297669798631e-02,-5.541703219534004771e-02
2.545788241240122193e-02,-2.544907426148669202e-02,1.275640660599087692e-02
2.612778954139837947e-02,-1.907485474733880025e-03,1.142976537028092543e-01
-1.133947762823659181e-02,2.066538211834967678e-02,-2.225751939192557524e-02
2.233831616023244926e-02,-1.069728012974267006e-01,-7.750328192777869440e-02
-7.741994092060716995e-03,-2.788465407199679572e-02,-1.688580233314231072e-02
1.014703738578407073e-02,-2.511681175625536666e-02,-1.032191218973408514e-02
-1.349116948527301178e-02,5.885437828741946209e-02,9.587928676397503014e-02
5.395411636690225499e-02,-5.373952366808227438e-02,-2.101243629994845735e-02
1.396941454539788949e-02,-5.455430902137223953e-02,3.252257586609207801e-02
6.847692991622351955e-02,-1.457833052333500599e-02,-3.226389856264855194e-02
-3.177094247017762246e-02,-4.301016607845253165e-02,-2.314236509647663378e-02
-9.312995233515400720e-03,6.255106479631830640e-02,-7.801044649690882724e-03
1.477247408176919283e-02,2.913820046656024655e-03,1.016493092860679404e-01
-9.459682047342327094e-02,-2.376194700472888943e-02,9.790739356471309107e-02
8.255487300156914843e-02,5.896423319104121541e-02,-4.080897209242943802e-02
2.815004981974126436e-02,-6.033992417978998463e-02,5.615096880298892784e-02
8.637850406509618717e-02,9.500292574981037200e-03,-2.143966423198604657e-04
-1.326545552294665364e-02,-2.030275995962954952e-02,-1.395736838873054379e-02
3.775349438515787637e-02,2.929141821994436443e-02,-7.507472535794473822e-02
-3.071463857204822373e-02,-9.891520172926030266e-03,-2.450277894067357659e-02
-6.111972198836799347e-02,1.117334229008084233e-02,5.269758506248233693e-02
-3.762123559969433872e-02,4.872131238972173678e-02,-2.503616759748404988e-03
-3.859085458144604491e-02,-1.033047485504192363e-02,1.136371301540541751e-02
7.280540853727928037e-03,-3.104584924970332435e-02,-3.791864368079058550e-02
2.963117773489546206e-02,-2.293128088967168188e-02,-1.302837032860326184e-02
-4.483215517596884914e-02,-5.620098095479339473e-02,-4.108570408655300155e-02
-5.845660057141666838e-02,2.426094205653325092e-02,2.087696255137569921e-03
-3.624476578802492827e-02,-4.394830590096686362e-02,3.823982253623179478e-02
5.767195671937066365e-02,1.495598891557171559e-02,-4.249814834288347803e-02
-4.491360801471221825e-02,6.091274177361328569e-03,-1.250489857330452058e-02
-1.737615618864702532e-02,2.308768171185254445e-02,-1.055059826188528040e-02
2.747217213138960362e-02,-9.370396091994420695e-02,3.069864073205553871e-03
7.032870786338063333e-03,-1.100640034878436375e-02,1.100267164629815941e-02
3.420056452485245591e-02,-3.814717947386170316e-02,6.259378186609873551e-02
1.983550971753902936e-02,1.778375627801555975e-02,4.895621752108067493e-02
3.235961133923440786e-02,7.437414414397824913e-02,5.094356716190237729e-04
-2.144781542405945624e-02,-4.883901548906838253e-02,-7.863653708068991943e-02
-1.347478631998415624e-02,-6.548361910282072748e-03,-1.720788268392694706e-02
6.625276184456332929e-02,-6.154340514762147735e-04,2.196426673689461095e-02
-7.097130537457516965e-03,-8.898548441968294476e-02,1.255540897933536681e-02
-1.366459514450287654e-02,4.084540146685742418e-02,-7.038070349095117140e-02
8.827916864222509416e-03,-1.296985392154896208e-02,5.916581535626818517e-02
-1.336771582461551179e-02,3.359742420827356579e-02,-6.327123178527882530e-02
3.191717817006035213e-02,-4.368642751285809617e-02,5.162262003850917602e-02
-1.146134083700902501e-02,4.535755061035468688e-02,-9.972676896157514626e-02
-4.082401439373149754e-02,4.511300731317775814e-02,-2.019290481000787438e-02
-2.377853870802374304e-03,2.818520732835487312e-03,4.594141810949512600e-02
-1.070676852516480419e-02,-4.380919410023742522e-02,-7.126548678567730388e-02
-4.551616352435622348e-02,-3.819170487956177057e-02,-5.932079564890675033e-02
-3.643175992383508588e-02,8.077977457694101443e-03,8.356558003642122756e-02
-6.089341225651363071e-02,2.283094651914057208e-02,-6.067747485720129813e-02
1.849553064195219934e-02,3.292049500397630640e-02,-2.047111570435792421e-02
3.003352390846528511e-02,1.571665423471827264e-02,-3.368856306727926325e-02
-6.896726919376602871e-02,-1.122708225906057788e-03,-2.524378695099718101e-02
-3.555295745321795930e-02,4.989415950130340373e-03,-4.561086750789819511e-02
6.613765293156106950e-02,7.578996427420035820e-02,-9.348636427724264439e-03
2.948118814065653348e-02,-2.733165236996815128e-02,3.279300969081772152e-04
4.096452760320138872e-03,7.115204388242711390e-03,-3.382718178915366386e-02
-6.951908464450942682e-02,3.199391726719832268e-02,-4.969739878744280914e-02
-1.787581170696460331e-02,-4.314138673569412052e-02,2.299547189729365254e-02
-2.662875891054338959e-02,-5.159353591428595537e-02,-3.444132145742612172e-02
6.418347944556120066e-02,-7.852833287883203423e-03,1.529144399087084202e-02
3.876933633106072717e-03,3.164056833489706927e-02,-9.536379600220547953e-03
2.840376496685250926e-02,4.006432247200960098e-03,3.993153355133792493e-02
-5.243400449148443582e-02,3.992201599567050257e-02,3.701923419911209295e-02
-6.981833932460894399e-02,-1.555818932029744313e-02,-3.454088326159711342e-03
-9.724157390394831679e-02,-6.833437858557879496e-02,-9.381288672720639391e-03
2.051589986382793690e-02,4.246666750630562898e-02,2.274194307108019092e-02
-8.096443077496573437e-03,1.496741500156188211e-02,-1.664211619297095365e-02
-4.635044866634929067e-02,3.476024783126099860e-02,1.258861826045093620e-02
1.839111954077982808e-02,3.700277092612165586e-02,-1.118506634251486762e-02
-4.312506637075443072e-02,1.919011653748770724e-02,8.338594297578554027e-02
-7.852400198727488290e-03,-5.628227856378222038e-02,6.046581888503772123e-02
9.688488553336012388e-02,-7.918985967919037194e-02,-1.736495119388404770e-02
-7.816680267488200756e-04,-7.558474606803271397e-04,7.349433640827318127e-03
-1.899332302471223172e-02,1.113085050612219219e-02,9.074087081128534571e-02
3.779033687078835885e-02,3.738979867875555363e-02,2.976915222984917453e-02
2.990741836177940576e-03,5.390258515565983510e-02,-3.642327455851532281e-02
2.008661575403063171e-02,1.381650765073144140e-02,7.456567685695790482e-02
-3.858899741448970633e-02,3.635757145431850468e-03,-6.741702816220114525e-02
-1.420282987159224297e-02,-1.603340412238362170e-02,-1.882051089804938696e-02
-7.278190475005945348e-02,-2.346970664472021115e-02,3.650591412360344040e-02
-1.756010550768212844e-03,4.414245130104309939e-02,-2.765979526774309596e-02
3.506644926970074044e-02,5.207753492800121925e-02,-2.727964499272039333e-03
-1.812476891651574121e-02,4.852380567927526943e-03,3.073649614868314076e-02
1.355188707305631304e-02,-3.679720583392074446e-02,-2.245344764398993914e-02
5.998131295694235365e-02,-2.370108784845569722e-02,-4.848638378536955507e-02
1.944352906147041316e-02,-5.279325738085412917e-02,1.331087577712339494e-02
3.614678452968810018e-02,-5.215457477916888955e-03,-8.659393777145771298e-02
2.398238077336552199e-02,-1.840955001615129233e-02,8.687012182764038137e-02
-5.213600370437813936e-02,-3.515309723945568565e-02,3.274095001916561289e-04
-2.294877793060139809e-02,5.886286710002902080e-03,-1.944081796722219382e-02
-5.725156401024177055e-02,4.130732537546288885e-02,-6.338996186281097012e-02
8.362544347087290386e-02,3.324547483290599126e-02,3.330645296685334072e-02
-8.423673060844965796e-03,6.847571412620630238e-02,3.689306841790492703e-02
2.540358884750693741e-02,9.056414361010010905e-02,9.683139262201513608e-02
-2.977622574975495942e-02,-1.746826935376209755e-02,5.440446296419005484e-02
-1.301069083404070292e-02,-2.038721121856120616e-02,1.825733256870148633e-02
3.601932541883499234e-02,4.798008301162150213e-03,-6.380574564235209911e-02
-2.623374395482299531e-02,-6.466392898113475229e-02,-4.481916524588375889e-02
-5.722992315902440674e-02,-8.875743690932410418e-03,2.904398223404913021e-02
4.168603018645714725e-02,-1.265142512782670668e-02,-3.427507696062922354e-02
-6.173731059187443498e-02,-4.291460999160594952e-03,5.231445178211518998e-02
1.178880765211131644e-02,-1.701756238633061894e-03,4.657771908817744111e-02
8.231879802387062498e-04,2.845572598450914550e-02,-8.009240633080350058e-02
-1.771431517013208681e-02,-1.061556792115140278e-02,-1.398456838153897333e-02
-6.113365645872553128e-02,1.279489838909239618e-02,1.117763174805353789e-02
2.867914133899933729e-02,-1.637436189620660246e-02,3.364825103989538269e-02
3.426610302749238252e-02,6.551754682522774320e-02,-2.628487924784084218e-02
1.069529758847548306e-01,1.453975926075572016e-02,-2.109171855417745281e-02
4.964061532206481137e-02,-3.951202525213318053e-04,-3.634423967313082926e-02
-3.345713961105796497e-02,2.204913059056293895e-02,-4.269128602425427410e-02
-8.201111851140687956e-03,-1.306766423081674516e-03,-8.717717429481290636e-02
-2.878918107232620108e-02,1.528158397325810047e-02,3.270006272511870818e-06
1.495825975764587812e-02,4.556223035851626052e-02,-3.613806952051706878e-02
8.404724476649726161e-02,-6.665679733415452723e-02,-6.332543727779947618e-02
-6.169225080713020004e-02,3.829649821761881012e-02,7.339774389853820358e-02
-2.257647448332407783e-02,1.939928495085887702e-02,3.417828982075232780e-02
1.230864025760959775e-02,5.888848514505387599e-02,3.295226745564640292e-02
4.028132458351375844e-02,2.635862160424511449e-03,6.105707596867733511e-02
6.511228587944162260e-02,3.227366503597137865e-02,3.442808676675797319e-02
-5.927056474486863853e-03,1.805570288090087858e-03,-1.641698097739467677e-02
-5.651494275418941088e-02,-7.185344084160592837e-02,4.953006966108809694e-02
-2.471975977934522464e-02,8.009764736614133351e-02,-1.137692536877687099e-03
4.340509336135239815e-02,-2.554531519811210211e-02,3.693137460435574199e-02
1.673103602407234256e-02,-3.255892994601379542e-02,-7.749385498134780947e-02
2.334966866804189141e-03,1.200722334170448158e-01,-6.247026676643474032e-03
5.385953923725400605e-02,-4.042226977239437267e-03,-2.872204357743932124e-02
-1.406492625189589493e-02,1.131016710501912825e-02,-5.958878092489341624e-03
6.076449196631791838e-02,-4.318774672130222536e-02,-2.104358892715263874e-03
-5.056968613063538530e-03,2.930095922104112975e-04,2.026656463827457635e-02
-3.778014990207870932e-02,-3.007925203738909606e-02,1.706756859181244451e-02
-2.948243330493729997e-02,-7.984583890122557218e-03,-6.428296549603054744e-02
5.073862448555985227e-02,-3.893933748556763913e-02,4.776803966708176872e-04
-4.162383380534147997e-02,8.486222447052364781e-02,8.130889578747818591e-02
-1.777886228906806754e-02,4.755554696844332963e-02,-8.060596572847442132e-02
-1.479024390207197073e-02,-1.970000970651843500e-02,-3.990377248809039851e-02
-1.829436170456740993e-02,3.221462751588648546e-03,-2.763110433722438739e-02
-7.586374811046171091e-03,1.913796666642352678e-02,3.595604455802477867e-03
3.844819542259197281e-02,-4.124742224164281573e-02,5.286351602993488719e-02
-2.479821290962960778e-02,-1.714147496439534860e-02,-9.386476150369501073e-03
-7.461539127584769504e-02,6.305327690953453634e-02,7.967018003032309836e-02
1.160707682361347172e-02,1.952254508152240914e-02,1.791145433086021796e-02
-5.688449748705483831e-03,-1.683960186814666832e-02,8.103395638128401898e-03
-1.384149329668575047e-02,5.379160397600660226e-02,5.336359639487452816e-02
-4.679828349527728054e-02,4.523409445988629124e-02,-5.813681054848751639e-02
-6.667352413596872029e-02,-6.530572501738726721e-02,-9.158853759152243978e-02
2.292866500069980218e-02,2.222530174788936441e-02,-1.557254319289235942e-04
5.073144962954034137e-02,3.040099758335402039e-02,-1.161801813796792824e-03
-6.676330539925419416e-02,6.188751901644389680e-02,3.792705493905994957e-02
-1.761024594295823587e-02,1.122194844175194578e-01,-3.638803743848150613e-02
2.003122195528264995e-02,-2.808273558199700023e-02,-4.079277420282036160e-02
-3.482752948322866832e-02,-3.208580543152603909e-02,5.141710492677979694e-02
-2.686382247833754219e-02,4.381352406701506663e-02,-3.065547357499476266e-02
-2.477403366068061524e-02,9.109178112051247514e-03,2.914792779390546970e-02
-3.975176693065156017e-03,3.673389776578423957e-03,2.797760577323799274e-03
-6.514407327568286221e-02,3.340875410610209817e-02,-3.092193200605784092e-02
-1.418386352726786360e-03,1.758421947973502070e-02,-6.231918513907908769e-02
-4.168116423924701774e-02,-1.183919072886641891e-03,-1.210996982650242200e-02
-7.447369765687025800e-02,-3.909669148197370686e-02,-1.904454061246526470e-02
6.849545215649120722e-02,-2.820607982645442768e-02,-2.140389594373298676e-02
8.853304917112590072e-03,1.494417452130748086e-02,7.424545682298812344e-02
-2.934517941681978256e-02,4.274649595355267673e-02,-1.417598587174833009e-03
-9.556736482436928304e-02,-7.981070013568651242e-03,-7.216587837734586564e-02
1.836397087387456675e-02,4.350573667924674537e-02,5.031250740606688088e-02
4.327140287281706216e-02,-3.749914800995957087e-02,-1.383802640840189023e-02
-9.519530557303339247e-02,2.180465832228989723e-02,6.508428776368650054e-03
1.540143547477153263e-02,-9.209182320477163342e-02,5.170009266878221495e-03
-5.224412752729756804e-02,-4.311013973725563719e-02,-2.505587973255197706e-02
-2.026890103425191964e-02,2.269797478486710804e-02,9.140460814234604645e-03
-4.714709540439508684e-02,3.821720695196542672e-02,-3.217746028174787998e-02
6.990418175091649491e-03,-5.077838410538300373e-02,7.816056374343363644e-02
3.483654661585440515e-02,4.025309736764727531e-02,8.252916093377155038e-02
-3.175312648331041904e-02,-1.033024287878526494e-02,-6.611640362222293010e-02
5.143181339034950256e-02,-1.922802766203973376e-02,3.164027883304686845e-02
-2.250085054308369192e-02,-5.733977904136017267e-02,2.708734065540988403e-02
-6.152762555730370564e-02,6.312911717410046863e-02,3.889619115805211663e-02
4.437512808590655944e-02,-4.176136310604216390e-02,6.708519654146861966e-02
-5.181955077381725228e-02,4.482034564399809545e-02,-3.459968352358960483e-03
-4.278895381797778036e-02,-1.526167462078076818e-02,2.111385208420529097e-02
-1.925159840637001921e-02,1.971533245421427244e-02,-2.641312390650043043e-02
-5.943257198237261729e-02,3.468094862991426969e-02,-4.091003689652551040e-02
1.292247499871369311e-02,-2.602941073798885688e-02,5.751637102057621104e-02
-5.140859625372297577e-03,-4.734975294702798571e-02,8.226832862414960867e-02
-7.872159544963423794e-02,6.126338668232695489e-02,5.131885329819393937e-02
-9.052128264522073253e-02,1.897000400671213297e-02,5.222130347204533701e-02
2.955667693987070951e-02,3.719401619475981580e-02,-3.063236343398832370e-02
1.834883337800537542e-02,1.113531549408378757e-02,-1.381820723258345325e-02
5.460613874631483483e-02,-2.775641927947610638e-02,-7.424035531104203334e-02
-5.387300564653788731e-02,-4.703687849301612517e-02,6.738243905279513168e-02
5.175907207932353010e-02,3.017276580123876614e-03,6.127813948936132460e-02
-4.301510436964015027e-02,1.099420877109173050e-02,7.556613112377760962e-03
-6.654254038575003506e-03,1.070166296430907077e-02,-4.201073628979454244e-02
-5.300376107724347197e-02,-3.275284929666836403e-02,-7.832234897337626844e-02
1.297774120394476829e-02,2.717020100436517635e-02,7.686497310164522312e-02
-5.249055271059545336e-02,6.702127834687482411e-02,-4.822417158493155082e-02
-2.442301888679969044e-02,-8.047232608398270648e-02,-5.505057852072267610e-02
-5.585038061921830665e-02,-3.115886177584608827e-02,-1.163389088352905984e-02
-2.332293430780621804e-02,-7.090007089248755168e-02,-5.828042712445495252e-03
8.499342718097643856e-03,6.098413815821300717e-03,-5.463253819692531765e-02
3.659226783161270702e-02,-2.260246326604251760e-02,3.853240147117120706e-02
-4.646037741212478284e-02,-1.904433053985306323e-02,-2.336949554055612818e-02
1.086807244751797135e-03,1.697841820948838010e-02,3.897259696221955227e-02
-2.080832652156909979e-03,-3.616313691488112075e-02,-3.310670838571519448e-02
1.127915297853814974e-01,6.031031616383657201e-02,1.739872861443414812e-02
-9.081826519778364581e-02,-4.220075590425691886e-02,-7.343462173984530161e-02
4.267534147052837179e-02,1.224312777350389930e-02,-1.100162330952881087e-02
-1.998788889565579485e-02,-1.590461491784241413e-02,-2.442784835904130217e-02
7.442214513185933800e-02,1.999738371730988909e-02,-2.755371813206101972e-02
-1.334681268985865067e-02,3.583090578505697399e-02,4.489962221514948865e-03
-3.755637280426061403e-02,-5.051870408023264453e-02,-1.977705710720419063e-02
7.770733710794056580e-03,5.603661432299629486e-02,-2.352858781300143712e-02
4.954565608782724589e-02,-1.039420950087619096e-02,-8.407069607033991476e-02
-5.060405274357339389e-02,2.753401725118532345e-02,-2.644554547070671058e-02
-2.262615397026294939e-02,5.158555524646171037e-02,5.394802422961631622e-02
-9.330071647035356394e-03,-1.550606995022362974e-02,-2.044188699877497531e-02
-1.545639429336008452e-02,-2.636680378448430766e-03,-9.699641485409152275e-03
3.099974906836285016e-02,-2.251536893352927386e-03,1.225277826610800085e-02
7.029544627315931216e-02,8.591736801046896341e-03,4.644987079554858261e-02
-2.181101550941446157e-02,2.009928928022842315e-02,1.948143874637515895e-03
1.004112284666749816e-01,-3.137249472436001024e-02,6.113312530374843262e-02
1.459640559799293101e-02,9.740286250331735285e-03,-1.860248433310515356e-02
-1.089866845167727222e-02,-1.334295349782295068e-02,-5.563440474591196255e-02
-6.512085753447941980e-03,5.655381809651428143e-02,1.057422504346718431e-02
-4.892495182712508495e-02,-3.312781673929775933e-02,4.493978631577170285e-02
-5.963054152800998167e-03,5.407419687821410359e-02,-3.120427501741539558e-02
-1.007840268709378137e-02,1.688522358959722997e-02,1.401202343827128750e-02
5.163487128587531706e-03,3.977004777827478077e-02,1.257282010413839773e-02
-7.073783077924639118e-02,2.190754490307073726e-02,2.312126414114890408e-02
3.330489952193820685e-02,1.089709747083726817e-02,-5.026605925640121458e-02
-1.314145514533595661e-02,-3.086994164740773997e-02,5.153838096251269103e-03
-2.367893450155459517e-02,-6.582750501079798200e-02,1.885674440911620439e-02
4.242143876344638218e-04,-5.160199652568674134e-02,1.555839411454112108e-02
-3.928692865310130788e-02,3.843922446984928548e-02,-2.510032575016404865e-02
3.415237661778642957e-03,2.443159349372187386e-02,2.237942302206394340e-02
-1.205151403401043047e-03,3.150088981404381566e-02,-1.428893011237061111e-02
-7.232696021355188021e-02,1.892939414665869083e-02,-2.706094504442562929e-02
-3.767731795289708946e-02,1.635182564431258631e-02,-8.882193638131956337e-02
-1.153048871222904226e-01,1.736964889355507163e-02,4.766418207084566205e-02
2.813600891817629596e-02,4.942506476119563202e-02,-4.348746898317715215e-02
-5.655068152395294201e-02,-2.805136546488885829e-02,7.755890990740579860e-02
-3.006818288042622384e-02,4.822333370711436203e-03,-7.229644769966103376e-03
5.779139838133043328e-02,-8.002697566324576406e-02,-3.223198145981730905e-02
-5.445850820508377210e-02,-9.965902026539859293e-03,1.964076855496806051e-02
-3.165010886998727291e-02,-3.052070655311467373e-02,6.041782251625620048e-02
2.630817792224844284e-02,7.330510774397965175e-03,1.583261032548167330e-02
-4.539885758096159907e-02,-5.884040843755274780e-02,-4.290091543446388801e-03
5.647771895143333110e-02,1.147599881343588576e-02,-7.671837402503134395e-02
5.019520731711800063e-03,4.105365811456545416e-02,-1.007251274117282464e-01
1.745977805713631132e-03,9.440906022582212787e-03,2.601646622048562826e-02
-6.572526736183231799e-02,-3.159158904596731654e-02,-5.504022261944300359e-02
-3.349658111620359285e-02,-3.978329046669352304e-02,-6.088728843291203209e-03
-6.000151903946477489e-02,5.600803123750276204e-03,-7.849595974411298360e-02
-2.957069311240832429e-02,-3.331474996270982619e-02,-2.593358623515647568e-02
3.869836654556324269e-03,5.683799049639157164e-03,-6.201167931891567175e-02
-7.088788168750874766e-03,-2.945778068799011565e-02,3.084641688080369103e-03
-1.632289594832370128e-02,-7.873044737805510312e-03,-4.830975600510017259e-02
-3.285716208351588397e-02,4.245317053951271069e-02,-1.287394492903618654e-02
-2.847556636245993436e-02,-6.944878558646143396e-02,-2.481125330854806743e-02
-3.810640192263758247e-02,-7.084145554821242793e-03,-2.091298439826471539e-02
1.387145731588268482e-03,6.012285764577994475e-04,2.619252543322303506e-02
-4.355114185086626094e-02,4.816380345620352443e-02,-5.880037781765029559e-02
-6.288544566615424103e-02,-1.224355711967148840e-02,4.087273094543277668e-02
-9.260790328466713545e-03,2.434388078663344765e-02,9.778434981567964840e-03
5.138573510398803529e-02,-4.611411127518616482e-02,7.046355684789765150e-02
2.551956862213433999e-02,1.827631523956977115e-03,-4.658965765956863542e-02
8.444832285482255230e-02,-1.690902766250628256e-02,2.790681523791067181e-02
-4.196831365938917535e-02,-1.769070027461800212e-02,9.077574880564256640e-03
-3.811106222273093896e-02,-2.718868672314316698e-02,2.017233929461165545e-02
5.612392544646947062e-02,-3.530197302631386813e-02,-4.428903915788107160e-02
-6.276567920815416535e-02,1.836344474148892542e-02,-1.291880971132443323e-02
4.669602592819698667e-02,1.594844501662917233e-02,-7.666710273585182478e-02
-3.094021813987538755e-02,3.967978336634903763e-02,2.583048514546485222e-02
-5.102065416529159847e-02,-9.733009945522974604e-02,1.410841732401866937e-02
3.465287867889600519e-03,1.008315713216431306e-02,-2.723079957961929698e-02
5.087665620750403406e-02,-2.449515042059392106e-02,1.701010127598099816e-02
4.623878013761998501e-02,3.341181374506718704e-02,-3.526611413478301319e-03
7.429841875959442010e-02,-8.857679156493722741e-03,2.450761318375430445e-02
5.238943930320083542e-02,1.415983436147054929e-02,-6.995865206369512868e-02
1.487689862199945492e-02,4.719578793457290117e-02,3.225170443515270463e-02
-1.288257004198311607e-02,-5.477919298148515442e-02,-1.045799520896293494e-02
2.219724000098683824e-03,3.289363873593834087e-02,5.513725328082922511e-02
-6.177526048778525514e-02,3.272596859410457221e-02,1.390114334460870217e-02
2.369132418493085160e-03,-2.438663210671130482e-02,3.061734868978432250e-02
2.930505162816119183e-02,-3.435611179109268609e-02,-2.631126216460215762e-04
-5.891438958975076662e-02,-2.613961036044161468e-02,-2.187712503020857943e-02
-1.670075950613620908e-01,1.510191575849584994e-02,-4.958191772298172623e-02
2.900801373551497447e-02,7.955149405814385122e-02,-1.345034368829881380e-02
-1.648610668906076021e-02,1.167453748032538756e-02,-8.758995331032913209e-03
3.622386539563908492e-02,-1.154898985735928162e-02,2.246346393680490050e-02
1.577329402740870051e-02,1.249839186543401717e-02,8.754611587071987194e-03
-5.700366282934717782e-02,-2.832770311282847668e-03,-2.315851866750747411e-03
-1.693495354241679116e-02,-2.904236783274662722e-03,-7.117954183199225876e-03
7.311189970538813435e-03,-8.726329619120265502e-02,2.041495662050509668e-02
1.639274604063402016e-02,1.346417246189211998e-02,8.964828756325726733e-02
3.172294810063769344e-02,5.632869635930776858e-02,8.170891195489799266e-03
6.974584343670690856e-02,-4.409228047411740264e-02,2.566291486519674953e-02
3.626905905399317189e-04,3.409419001320891651e-02,5.150399331974955114e-02
-3.900963589413722343e-02,4.698266048572494885e-02,-1.854971396380082627e-02
-5.238691087924814832e-02,2.184974789882804681e-03,-6.310405480133053635e-02
-6.840848041398929491e-03,9.495519031780988439e-03,-1.747052868538491108e-02
2.231885917978592565e-02,2.948275277194224026e-02,8.910665615495148850e-02
1.453143677861346190e-02,-3.858590077691746029e-02,-3.816841391962567248e-02
5.496828403238319255e-02,-3.322689715732700388e-02,-8.122272661693462348e-02
3.931387049423622215e-02,-9.972200767529561249e-02,-4.314396905614952676e-02
-3.496314956982007893e-02,-3.443813823846836319e-02,-2.443854454346451599e-02
-4.327063330645988110e-02,-3.967337296341943292e-02,8.749482411077602606e-02
-3.471204145249810963e-04,-3.950095228883617610e-02,-3.889458756354001456e-02
3.474341605976766223e-02,4.260403413418894364e-02,-1.504208938736384914e-02
-5.317428542391732654e-02,5.766098510841501101e-02,-1.037855941078713422e-02
-2.688752684990022585e-03,-5.922719955130294894e-02,-2.377449238861369107e-02
-6.010121926630358075e-02,-2.792768981459822428e-02,-3.755140790213733204e-02
-7.963169972502532473e-03,-7.272921222828619692e-02,3.065712210874038668e-02
-1.822982338109135902e-02,-2.635489150094162333e-02,-4.139486018524120292e-02
-1.491413178579965295e-03,-1.680412871018637649e-02,7.195906178777193747e-03
3.714065608427600390e-02,3.142368428516849332e-02,-1.432055380795369849e-02
-2.421936087906536791e-02,-5.724926252728863851e-03,-5.207128156162146859e-02
5.214826278961617184e-02,2.065316314699465819e-02,-4.219862062820348321e-03
-3.141587778047146701e-02,-2.693693871288533812e-02,-5.631377172578104495e-03
9.355059759979007447e-03,-1.167883440960957968e-02,-2.254335383654869698e-02
2.707555119360728624e-02,-2.080647818352942754e-02,8.337585276848266669e-02
2.319582537912391607e-02,5.590080570359557549e-02,-4.676829825693033099e-02
5.370306163511177205e-02,-2.689595550287922354e-02,3.773364124027141914e-02
2.972921300018012067e-03,-4.754341859957496308e-02,4.905238421200312088e-02
6.501347549991391694e-02,-7.070870845389124089e-03,5.441560629332630600e-02
8.864380894389037313e-02,-2.583869392822512115e-02,5.408423103823738892e-02
-1.608590566574224709e-02,-5.699295698091928070e-02,2.147652042563516148e-02
-2.142286260702741529e-02,2.464101105391837063e-02,-1.817771812238292567e-02
2.142989758538808853e-02,-6.313385730881066089e-03,-2.563064528332565858e-02
1.669287548375546562e-02,5.238223663483834724e-02,-9.944990488543558813e-03
5.060473061559445096e-02,2.231798300940211754e-02,-2.380347929630100348e-02
-3.529714126919751560e-02,9.384361958448361740e-02,7.166724756247368731e-04
9.985232586275632344e-03,5.903410134140440503e-03,-5.766577765540738948e-02
6.997977052846701684e-02,1.546768739799092227e-02,1.639329786704588413e-02
-1.080828711274864004e-02,-1.156152880331496290e-02,3.099587945785964305e-02
-5.199767310895292427e-02,4.559957597016036507e-02,4.074495178040832277e-02
-3.228507116221457363e-02,4.973631300214963191e-02,3.204520145212279986e-02
5.303166985691611102e-02,-3.578017041294190986e-02,1.035309407701687744e-02
4.688757118509528921e-02,5.650671626489248839e-02,-3.692283326208386889e-03
8.229480180845478998e-02,-1.889703609409718044e-02,3.253716386246471165e-02
2.497069442880492027e-02,1.363137635859451927e-02,1.052708101682562625e-01
-1.056958603382584551e-03,3.297085031878218414e-02,-5.161612553510382811e-02
3.766827680555601132e-02,-2.953005546984321938e-02,2.656131136142688212e-02
-2.400984278479223119e-02,-1.351581766614555827e-02,3.347046895639295416e-02
1.257388791590688219e-02,6.153923222398310910e-02,-3.562097578168581941e-02
2.418023877568903704e-02,3.234020550933850574e-02,-4.574924046998651156e-02
-3.011355007359109090e-02,-2.789074587813595782e-02,1.500774104675206902e-02
3.550619726089072198e-02,-7.848041477035133662e-02,9.540958759190863378e-03
-1.116422629156980408e-02,7.067813846665957009e-03,-3.348124379973715231e-02
-9.363005235410679430e-03,1.317266093286800256e-02,7.807179315269310860e-02
2.044699918824197798e-02,1.521209906156277200e-02,-6.147200269367751602e-02
-2.870865872794165288e-02,2.431016118892592379e-02,-5.813158387972441887e-02
-1.972928524441500478e-02,1.366842199299572042e-02,3.611119885713404837e-02
8.825935350900550314e-02,2.436428489714379322e-03,-2.431749612018493153e-04
-4.073364492766922557e-02,-4.699979257418187423e-02,-2.905097160732286743e-02
-4.294757655286495640e-02,-5.539830931609651676e-02,5.687628986742834791e-02
8.723578419636729723e-04,-1.223196217771020493e-02,4.720468798840826707e-02
1.253074241057639850e-02,2.206510462230149364e-02,-3.137371098872759889e-02
2.552552028401632381e-02,-2.852753672306536023e-02,1.872730088893890740e-02
-4.501579977409488759e-02,1.210040263557729881e-02,2.776521272420087727e-02
-4.983170567304189003e-02,-4.211583466263960074e-02,2.155167794970051093e-02
4.346384292842773306e-02,-4.430311609770887227e-02,-9.631922875548065699e-02
-1.092608951468982542e-01,5.124852603108477275e-03,-1.312648539982769202e-02
1.820925638268380484e-02,-7.653830265614575135e-02,2.186084088340600404e-02
-3.157775185064980866e-02,7.271207651905007424e-03,2.860079238084646883e-02
-4.703952700094717748e-02,-2.266816797744615822e-02,-8.635851098685569383e-02
-1.110771595184024269e-02,4.618391765765762769e-02,5.745692086114235694e-03
-5.846773728689028116e-02,-5.187763418579993679e-02,1.978957674088993937e-02
-5.566774780398479200e-02,-3.161152448026356698e-02,1.016757832134553528e-02
1.969064859941915477e-02,-8.965627571316858724e-03,-9.542143320703487530e-02
1.185912528038522706e-01,9.133884958550426980e-02,-2.162334107940272823e-02
3.621716177586147001e-02,1.203596019079603702e-02,7.093315987983883283e-03
8.697564292547184037e-03,1.172936313323383328e-02,-2.982281664815737698e-02
-1.341567990250842023e-02,1.312041095014762453e-02,-1.764440688686281025e-02
-4.127319580982870967e-02,5.956794163869007924e-02,-5.864968751838222499e-02
8.204030595977029189e-03,-8.296989428136687661e-02,2.960912132000504716e-03
-6.253798115595567142e-02,-2.880910008642000725e-02,-6.696440697563787884e-04
4.159929303798158562e-02,1.694505552491261044e-02,-4.352347311867750534e-02
-8.521314654300464475e-02,-3.002154811210606608e-02,2.962235255232393422e-02
-2.307522300532757753e-02,2.324517929341014463e-02,-1.398018853945401721e-02
2.488834603978407750e-02,5.561578702671755858e-02,8.957742529639114992e-03
-1.417878058350620710e-02,-4.845532161866139553e-02,1.608339729660347370e-02
-2.850312403703570818e-03,-1.389638389133546724e-02,-5.934754420190569563e-02
1.301809062451286629e-02,-2.557166185365933667e-02,-3.527048924016715908e-02
-1.817767102378143804e-02,-6.433067473950267179e-02,-2.276520779406733262e-05
-5.909499941290683594e-02,-1.502231637743316195e-01,-4.117326507036857958e-02
-9.596451451821762929e-03,7.262634888300261490e-04,-2.518593604575181805e-02
-2.648392885927915510e-02,-3.668440542070677823e-02,-2.590750156920577918e-02
3.059241303982879537e-02,4.067025155814869147e-02,-2.720582055801398086e-02
-5.237352891283506007e-02,5.493240855680655600e-03,8.039981851354677592e-03
-4.949801034235823405e-02,1.544029512385020628e-03,-4.921493389004526209e-02
-3.247143212335783149e-03,-8.063521776683434117e-02,-1.790583732883168841e-02
5.840004785539818638e-02,-9.227477984059533067e-03,3.425775743032023757e-02
-9.724504929359176209e-02,2.932861277638883560e-02,-1.631947107066186384e-02
8.873812399061531409e-02,-5.665173084926938656e-03,-4.719797399812181160e-02
2.162835756448453980e-02,2.125165588318873519e-02,-5.131469478439016491e-02
-1.781340528797608139e-02,-5.621111367232967115e-02,-4.408277656768342517e-02
2.705529055430894170e-02,2.863046996366781435e-02,1.254213149789316917e-01
-5.337052095233542522e-03,8.673769607940096105e-02,4.200716622260432936e-02
-7.496768741127025210e-03,1.122167674766367390e-02,9.538494625556257628e-03
1.298283347383649526e-02,1.168543555348794047e-03,-4.689750370857974360e-02
-2.108692706406081405e-02,-8.117519485288153536e-03,9.152038330916552333e-02
1.122659536571180283e-01,-6.397892112008042587e-02,-3.930891098933501221e-02
3.184513003125494929e-02,-9.268552134432948494e-03,7.448728047996462653e-02
-1.053201426214122986e-02,-8.916296451051319849e-02,-4.008592670997356000e-02
1.203943614828811848e-02,2.184085002766074368e-02,4.943619949255850105e-02
-3.054559486751187020e-02,-2.234797881048136703e-02,-6.483208512145466340e-02
3.230304161069146550e-03,-3.263519951228596033e-02,2.940944085235821029e-02
-9.741681035935492727e-02,2.495825777153411196e-02,4.195100265076320833e-02
1.679219147566317696e-02,3.078933132139376194e-02,-3.120973185096400163e-02
2.367454625876178401e-02,-2.492184725414543778e-02,2.510077539751775014e-02
4.075694915664915957e-02,-1.614757788676110528e-02,-2.361962710893535447e-02
