mag_x (uT),mag_y (uT),mag_z (uT)
3.253214720049821551e+01,7.849237806835680786e-02,3.835600523234374037e+01
3.297628248291721320e+01,-8.764291440902588493e-02,3.761181829797259724e+01
3.285428114362309060e+01,2.487209945468853989e-01,3.799593039204616218e+01
3.271681192176315278e+01,-1.432858537973628055e-01,3.770859075395485149e+01
3.236458438398516080e+01,-2.206585326836794092e-01,3.758325100029531995e+01
3.288940674637886730e+01,-2.466499122154188761e-01,3.786854374324813222e+01
3.264543658793446923e+01,2.528638180221500220e-01,3.774419226818123008e+01
3.265263658999607799e+01,-1.031994905259696164e-02,3.793101620838933030e+01
3.309770605438275481e+01,-6.033774918560094735e-02,3.765848074713997562e+01
3.271474711653861789e+01,4.701563677720040774e-02,3.810642004563844409e+01
3.264605971759853276e+01,3.743330566324634678e-02,3.797144603379327066e+01
3.242675561783410387e+01,1.841045607751443935e-01,3.758109321806097824e+01
3.258589389747475451e+01,-2.706332021701694512e-01,3.781114469244145226e+01
3.224535945077897736e+01,-3.995346884587733238e-02,3.812538125102999231e+01
3.277007874900521500e+01,-4.667539446789054775e-02,3.816173912186309281e+01
3.272274281557045583e+01,3.228877415815470941e-01,3.820753080630159104e+01
3.287507199025858284e+01,-2.867689215360738064e-01,3.751012001036744437e+01
3.273779238486835652e+01,-1.818994969306416964e-01,3.759233656272515134e+01
3.290365206516728591e+01,-3.907124083303963324e-01,3.756971003882208748e+01
3.248811604390854058e+01,-9.532282973537392623e-02,3.800516360676022032e+01
3.284569329064858323e+01,6.211326271866123884e-03,3.794677623839346836e+01
3.281245926629986798e+01,-2.104068288437625778e-02,3.769173992955832375e+01
3.259376027855287106e+01,1.401723648768565256e-01,3.841129938552457190e+01
3.285642875867488755e+01,8.121681486165663322e-02,3.783058930136153464e+01
3.261380709918319809e+01,2.255700672100761917e-01,3.759455083733985248e+01
3.275873313579472779e+01,9.108129412006286951e-02,3.768973583825231799e+01
3.267751266671992028e+01,-2.540534179426721939e-02,3.783745157056610253e+01
3.285172076077772374e+01,-1.303818623732545257e-01,3.825223512385783664e+01
3.282102936018085870e+01,2.889514104552909912e-01,3.748454426605135126e+01
3.242219478904497265e+01,-2.712733558782355892e-01,3.751417240851836965e+01
3.279266824715879380e+01,1.509912746380395049e-02,3.808257488870049201e+01
3.262019884660337254e+01,-1.281730894948132637e-01,3.761604908143542758e+01
3.266135677714282082e+01,-4.657790951353604769e-02,3.786472028135126067e+01
3.258013859334400308e+01,-2.516555045912138300e-01,3.753056530693605453e+01
3.299195425384345981e+01,3.578133843341974041e-01,3.766324195471005964e+01
3.259174328510611929e+01,-1.681900768130358825e-01,3.796801113079879286e+01
3.251393746634960991e+01,1.163569167035380034e-02,3.772170584523134096e+01
3.229909836350826424e+01,3.175941575245744275e-01,3.791607008256191591e+01
3.303442808124494690e+01,-7.330223253009598983e-02,3.795284121490772833e+01
3.253250008862579534e+01,-2.965165878943516464e-01,3.822006333536288736e+01
3.270073727457744184e+01,-6.090560783070826135e-03,3.784601585926711209e+01
3.251785126677287963e+01,2.119309910496254834e-01,3.772505101200989941e+01
3.307701587739866511e+01,-1.652454946367379329e-01,3.779190891310759781e+01
3.246218473886755618e+01,3.170189232804622170e-01,3.775614769847025087e+01
3.297802935389831447e+01,6.800348284087499862e-02,3.723952738668791795e+01
3.296327105029056526e+01,2.525869020382261465e-01,3.816664162641863811e+01
3.262814376257767179e+01,-4.710985161859310155e-01,3.807883785797665155e+01
3.253680711263066883e+01,-3.844845595153352225e-01,3.793757191505247306e+01
3.258817059339092737e+01,1.036390170449594805e-01,3.818588054110988139e+01
3.281482555515288624e+01,3.344742274317308306e-01,3.740919202739835470e+01
3.270934224323408301e+01,-7.516837524747177479e-02,3.764572907529500867e+01
3.286666095112236974e+01,-1.877940220835639940e-01,3.803111239494791818e+01
3.256750503417854503e+01,3.638312524673476545e-01,3.788346635518740158e+01
3.267681889526865291e+01,-5.965137301741389037e-02,3.761475369184778828e+01
3.283604797446704282e+01,7.966199205799059935e-02,3.792656844429119900e+01
3.260842936519667035e+01,3.122221852386800611e-01,3.770859579819153140e+01
3.250022463837733255e+01,-3.212803741201381014e-01,3.722103310310455981e+01
3.277387708780062781e+01,-5.448340651689063258e-02,3.775403441131023641e+01
3.288499872156922521e+01,-2.178549132997013860e-01,3.758868824548620324e+01
3.266067765897663833e+01,-2.213177875945057382e-01,3.806514626758653463e+01
3.301388032385330007e+01,-3.771518926267605071e-02,3.796181988309058397e+01
3.281052221943449609e+01,-1.725737379904988267e-01,3.788451574992999582e+01
3.269941676670861597e+01,-2.989141426865092876e-01,3.759761521395095940e+01
3.276514828607482599e+01,2.482638979831330028e-01,3.776316288638123808e+01
3.273320786579188990e+01,1.046092393896234651e-01,3.808457194052544281e+01
3.261281814049607419e+01,1.050643011302934138e-01,3.758487152542414833e+01
3.279647289563156676e+01,-6.063041824993540413e-02,3.792863002262728145e+01
3.277010733762686812e+01,7.366518155238417631e-02,3.800447787947998535e+01
3.268514334034883717e+01,1.659289077510937571e-01,3.795960191097284309e+01
3.280123749259021793e+01,1.136774383616452888e-01,3.816742735635529016e+01
3.271103257431499856e+01,2.747167807632250880e-01,3.771941117629327778e+01
3.259599973593532241e+01,-1.100335550718078842e-01,3.799229852823716413e+01
3.262992799358829643e+01,-1.610440721072537440e-01,3.803318846165885248e+01
3.252373083833750655e+01,-2.135939770806148386e-01,3.774614963431280756e+01
3.284822733336162770e+01,2.351004063951575018e-01,3.794489467731110466e+01
3.252774363798143753e+01,-7.080296235047768560e-02,3.795312942434756565e+01
3.256357629970779755e+01,-8.940680418640711835e-02,3.786605728045287123e+01
3.247598778089395921e+01,1.271941736907291620e-01,3.808456427772283348e+01
3.295059118327978354e+01,1.144607376880977523e-01,3.786676918553581572e+01
3.251810416639948897e+01,-2.773088304863292053e-01,3.812458435362299269e+01
3.279729426786678914e+01,3.106587581141903032e-01,3.794144506365670821e+01
3.267253482447916468e+01,1.501639446015455848e-01,3.795478376587746538e+01
3.265838891460008142e+01,1.855726291662845584e-01,3.812336288730892164e+01
3.275278858597894782e+01,-2.667172359289283756e-01,3.811709594575872728e+01
3.251776023557810191e+01,7.660737161238859866e-03,3.784929192143977872e+01
3.268763379684715176e+01,-2.483366921243510272e-01,3.821398539714308384e+01
3.285455158311726365e+01,-3.413398060592049560e-02,3.781032629260413103e+01
3.244521621186424909e+01,7.128380936921394767e-03,3.774118521222085576e+01
3.244426533986474226e+01,-1.156162016178883811e-01,3.783783014917491272e+01
3.278789484874576488e+01,-2.227644804457613592e-01,3.811835991214565666e+01
3.263540637937636291e+01,-1.799607256177266357e-01,3.780814953042409599e+01
3.266146827758126392e+01,4.989626794451140074e-02,3.776058242598471537e+01
3.258271287542218175e+01,1.986442037582760410e-03,3.782439697751563301e+01
3.249389989280115998e+01,-1.075042601912120505e-02,3.795880035159374444e+01
3.254665984693669145e+01,1.268244510889383891e-01,3.817523948944079848e+01
3.247023856177573009e+01,-2.302700043266513730e-01,3.771811900757474234e+01
3.276043703936331042e+01,2.338461827119180103e-02,3.794219195492051711e+01
3.244277910969030643e+01,-3.776375471484246654e-02,3.781127272147655560e+01
3.272448790753410464e+01,4.083330141499212917e-01,3.786496524674909381e+01
3.248685697495623259e+01,-2.209750736891998302e-01,3.765726816027634527e+01
3.230742223437766825e+01,7.872927561305090999e-03,3.809844476118745149e+01
3.247658614514331532e+01,2.353954607914578723e-01,3.815128553234261943e+01
3.260232814479702768e+01,-9.389078146972369698e-02,3.771676130502234514e+01
3.269420444458751973e+01,-4.056586626291189823e-01,3.788384259784925945e+01
3.249658664057708535e+01,-2.349882719771315964e-01,3.755758212866732748e+01
3.285768943070384296e+01,4.197528349728989194e-02,3.741960126898197103e+01
3.254550086306993961e+01,-1.987170629176776004e-01,3.811313988974021072e+01
3.279755674723425329e+01,-2.800057055865927680e-01,3.789937759830036157e+01
3.262521245612825282e+01,-1.345133118313950049e-01,3.791538249574969655e+01
3.289191294673972266e+01,-8.438770148453299258e-02,3.751140470088042633e+01
3.289177415246704328e+01,-2.058437965853056328e-01,3.854488721123259154e+01
3.252717471637496516e+01,-3.591351488750735288e-01,3.845761229018206251e+01
3.232896152476561724e+01,-7.285820076378717036e-02,3.815020844999837379e+01
3.268198583813952496e+01,1.283501486313814721e-01,3.789347721606652186e+01
3.263565398563766706e+01,-8.497790927168977215e-02,3.746310699260852317e+01
3.253874153137015668e+01,-5.377209545103595056e-03,3.785690345726806783e+01
3.240272754044065096e+01,-5.462186181922282224e-02,3.778481895777715494e+01
3.239815584248442093e+01,-5.236382158789101848e-02,3.772561633017944871e+01
3.284341415893689486e+01,-2.422481829457076019e-01,3.792874103373860351e+01
3.238997877809173787e+01,7.891293947235866746e-02,3.777941182239398188e+01
3.282371650249920236e+01,-1.039709189267788575e-01,3.797505763728732120e+01
3.261270773473782469e+01,-1.082977215702781992e-01,3.774233391836128249e+01
3.292599431772185881e+01,-1.181636022401804098e-01,3.749022984691148963e+01
3.281230013308112348e+01,4.964118892788865062e-02,3.762237552271447072e+01
3.248728981076720856e+01,-2.115003866939705324e-01,3.762944735135420871e+01
3.276987543394130142e+01,3.076960383929223664e-01,3.818188571323577207e+01
3.237963429231376722e+01,-6.763012035090008867e-02,3.797560051322923158e+01
3.288587325370690451e+01,-5.154967622901874824e-01,3.803374964561245974e+01
3.246957438489056358e+01,-2.502783673459946234e-02,3.792748578937791137e+01
3.241544136406402998e+01,-5.365173674135140236e-02,3.788169151082873753e+01
3.256756654384425786e+01,1.539266546054695317e-01,3.794521202849345087e+01
3.271182040390313261e+01,1.066504905208674886e-01,3.773979846228058932e+01
3.296683377976129492e+01,2.437017839669268771e-01,3.792538808043762799e+01
3.209467086422188942e+01,7.098265937376656287e-02,3.767720013525957512e+01
3.271848053677932455e+01,-2.661666401353870656e-02,3.790522666290914344e+01
3.231046900219070750e+01,-1.797800361130803826e-01,3.792355586575295234e+01
3.265284278569464504e+01,9.386607162722893083e-02,3.757636007144035517e+01
3.263757550066469548e+01,9.946626152736537385e-02,3.765074570917866481e+01
3.272603020138982544e+01,-5.496047903987522076e-02,3.799796834534542000e+01
3.260635569728507477e+01,-5.077355999914669182e-02,3.792447738344591812e+01
3.275312827541714000e+01,6.565553427895222394e-02,3.791694661044419945e+01
3.301634889164616027e+01,-1.799696307374883397e-01,3.779162521437355338e+01
3.247199248020851314e+01,-2.453982532708407494e-01,3.775229296371649212e+01
3.295201030858848412e+01,5.123620415860488664e-02,3.767414306781446953e+01
3.239704924842253320e+01,-4.444179799017498600e-01,3.798538872509096365e+01
3.286832956505035952e+01,3.482503180431302248e-01,3.811331330254051863e+01
3.237559684177604424e+01,3.692839855754703922e-03,3.775495441316522971e+01
3.239601379914174828e+01,-1.133075616255136558e-01,3.774629433642941478e+01
3.254073291873272922e+01,-1.872914025631434651e-02,3.807397626149812453e+01
3.276498074502368496e+01,4.419027005323598600e-01,3.778464193497741519e+01
3.279438483077066735e+01,3.905840098291460394e-02,3.793654564124022954e+01
3.262690469752812561e+01,1.564121339453945492e-01,3.785416211266644382e+01
3.242790662629767695e+01,1.063373402306985044e-01,3.769354208650425875e+01
3.238459715965556285e+01,4.431261035821322525e-02,3.771766909739807261e+01
3.264682170632148939e+01,-1.462365986544298391e-01,3.811172651420302770e+01
3.261828920228130357e+01,6.459068265046293000e-02,3.777864456963573048e+01
3.265921870087811385e+01,-2.612861448421168187e-01,3.802910305273985614e+01
3.285528368675353050e+01,-2.087543043888897276e-01,3.785364391492336722e+01
3.245934296547778075e+01,-2.548926181602256466e-02,3.771063007626717933e+01
3.288500786531335507e+01,-1.571801359513948781e-01,3.833281508570352258e+01
3.265281902402105629e+01,2.823874204641466656e-01,3.790347593275953386e+01
3.263005916819764707e+01,9.142734434707969204e-02,3.804825909923597749e+01
3.229244028584609083e+01,1.996293212487728341e-01,3.776331858491574422e+01
3.266668351775414436e+01,1.676284921582875953e-01,3.804873812542908951e+01
3.250146544528151793e+01,1.445466903354824389e-03,3.760319399778030203e+01
3.280567937043762328e+01,3.163490559844494010e-01,3.840392140489176143e+01
3.267839061838935066e+01,-1.697394149837051502e-01,3.788249983810349875e+01
3.299260632395860426e+01,2.773660436959669573e-01,3.760000210363106277e+01
3.275652482713253022e+01,1.783266600330241924e-01,3.788812868860541982e+01
3.254374814387369241e+01,-3.542602927364944532e-01,3.787936235397805262e+01
3.267116585998017797e+01,-2.491727377437414348e-01,3.816022551606268109e+01
3.282328619381254953e+01,-2.938823620945484882e-01,3.785430757139915414e+01
3.290961080877586653e+01,1.756826258756309656e-01,3.822648864188688123e+01
3.256345884683427983e+01,5.399981061013497952e-02,3.782395315519486445e+01
3.250080059175354563e+01,9.105467449901201438e-02,3.825778108853071302e+01
3.262562535804658381e+01,-3.549232106671570269e-02,3.775264957355773987e+01
3.259340405498173965e+01,5.563438524993577494e-02,3.766493153128793381e+01
3.265881851301057281e+01,-2.915026673449920835e-01,3.757103910452853768e+01
3.240949911165569830e+01,-9.610174496145507117e-02,3.779124196061523122e+01
3.274947654616673987e+01,-6.398285746979504029e-02,3.779533380651075447e+01
3.261575166365197731e+01,1.416406311754621894e-01,3.757458660554070917e+01
3.283109965721304491e+01,1.716587801787305967e-01,3.801565240615090602e+01
3.256687626146619863e+01,2.056661565988648632e-01,3.755078731018686966e+01
3.285852817652972391e+01,3.846651221311641611e-01,3.815419685985403220e+01
3.276405877543184886e+01,1.877897120129261577e-01,3.786414719145129482e+01
3.240799181321251154e+01,2.170766732491950235e-01,3.766293577931908487e+01
3.267004944531392852e+01,1.803111966023587254e-01,3.780271649463309558e+01
3.214757335594501342e+01,1.269187466615603194e-02,3.807032619896882863e+01
3.272094213655009298e+01,-1.437740371698841557e-01,3.790820946468250696e+01
3.223228698519817925e+01,-5.843947433067236963e-02,3.783761719721852756e+01
3.284715797536176041e+01,-1.790301889206140640e-01,3.796167328752049031e+01
3.274506532506013201e+01,2.560756866184581426e-01,3.798249075192745750e+01
3.244954177678477691e+01,-5.164843740138411743e-01,3.740178655175611766e+01
3.247239003691878878e+01,2.215127056850107849e-03,3.791490615073556114e+01
3.267921493761877372e+01,-1.249011805745195852e-01,3.776835783633595867e+01
3.283822973746011087e+01,1.260919466145595802e-01,3.771696937013369677e+01
3.239840224807831248e+01,4.409138806860113391e-02,3.814498860098169075e+01
3.260680698895970409e+01,6.805763853205719360e-02,3.803692018320057144e+01
3.253422914869791782e+01,1.774085854359587211e-01,3.781135743296284346e+01
3.274144434148135474e+01,-2.308805432781900757e-01,3.759243472089516303e+01
3.281285209073726605e+01,1.357496299168439724e-01,3.770664405191815405e+01
3.262991072423608330e+01,-2.257502093083065542e-01,3.811152689805648919e+01
3.295750164939033056e+01,-2.572378947567026120e-01,3.770490653882224308e+01
3.296411053201337182e+01,-1.835847079655341871e-02,3.749561229379698091e+01
3.279377684488845546e+01,-1.328499522177810921e-01,3.789270033238113200e+01
3.272210739528994594e+01,-2.671645961111659417e-01,3.792322114265402178e+01
3.280622335662031475e+01,1.458304726884029900e-02,3.777867409231411244e+01
3.254341087715601333e+01,-2.255057043618210744e-01,3.761193254198261826e+01
3.255966416981105027e+01,3.482085953233795411e-02,3.807823580479914938e+01
3.289142724543500407e+01,6.110832605363891723e-02,3.833879924990124977e+01
3.286911965897785848e+01,4.173319489188813680e-01,3.792270774067222305e+01
3.275961888930425658e+01,2.259868082653218035e-01,3.816487087034028036e+01
3.270044883749971376e+01,-1.402724380313746522e-01,3.807490339115734201e+01
3.253918728900061552e+01,5.228895692914669047e-01,3.754579549494252433e+01
3.280759544992527310e+01,2.125710654740310401e-01,3.791698510617369067e+01
3.276578595448827969e+01,1.492622314988241994e-01,3.790758709035134899e+01
3.270055960648293336e+01,-1.312930328744865704e-01,3.763323077010588236e+01
3.321473559914345941e+01,-2.967666866585328966e-01,3.800369338874785541e+01
3.275884576043993945e+01,-3.016150829728045379e-02,3.751523374327145888e+01
3.294748468966013633e+01,1.091940620685615121e-01,3.761131560087311243e+01
3.285133612450825069e+01,-2.133990775302599952e-01,3.800001902259940323e+01
3.295259501319173268e+01,-2.222072093344493529e-02,3.775992140364130734e+01
3.286914906525291258e+01,4.087648364580586113e-01,3.805668101630094213e+01
3.289537458431979644e+01,-3.090488741941226358e-01,3.786264911408493106e+01
3.279946435139748218e+01,-5.374680605885424900e-02,3.764759114953424302e+01
3.260932883798486159e+01,9.717480583944593242e-02,3.772687369834805082e+01
3.279877690143500502e+01,6.520516564385954450e-02,3.796422749992137824e+01
3.284996349792605486e+01,6.415290659820147012e-02,3.782395657400834921e+01
3.243407129366728014e+01,2.128129790484321882e-02,3.817592480631688545e+01
3.268030370063863188e+01,-2.085373721382733914e-01,3.774053419235232099e+01
3.284207960795237113e+01,-5.850760440579402810e-02,3.779412182478532145e+01
3.260311859607193696e+01,6.043274637603238825e-02,3.774854756848515080e+01
3.275675059751691265e+01,-1.269919842458333281e-01,3.774773348158765174e+01
3.302386634513889163e+01,-1.770660033074064887e-01,3.781081930129362689e+01
3.279866412348981441e+01,8.082744625371518499e-02,3.792759336055620878e+01
3.250784748782119493e+01,9.994336116322607728e-04,3.814857358174798208e+01
3.247007781810612670e+01,-3.694657798147582550e-01,3.759602732707789841e+01
3.280134458623042804e+01,-2.869058668781083177e-01,3.788764115353124140e+01
3.255949523114640698e+01,3.054666739185196711e-01,3.798608813850335508e+01
3.310023850693599456e+01,2.496078943946793138e-01,3.822951913300735782e+01
3.249523188232299020e+01,9.365618079647175520e-02,3.799515682295994878e+01
3.273347600593262285e+01,-8.571874369518714398e-03,3.775969812914230062e+01
3.240467402565307253e+01,-5.233130757701207753e-02,3.782172028111895656e+01
3.284500707643438489e+01,1.015724676906356039e-01,3.771896346737755579e+01
3.250012461612566739e+01,-3.036339941057474845e-01,3.788148982051662728e+01
3.299806005478743032e+01,2.528695263641645569e-02,3.777226125910116394e+01
3.293258080187712977e+01,-9.879841357970846338e-02,3.756277436889125454e+01
3.284320466212533773e+01,2.523063678582689318e-01,3.768753955137464118e+01
3.267734906254751337e+01,6.974941123358216477e-02,3.802257527139031623e+01
3.281999886998997340e+01,3.228072781309088146e-01,3.800328827551596333e+01
3.308167028761211981e+01,4.850788249949919417e-02,3.791591289545041832e+01
3.279725686998168754e+01,1.224886576262186194e-01,3.784877210532419411e+01
3.251169518687690640e+01,-1.202712065235072292e-01,3.784305829234793350e+01
3.262159470977695008e+01,-4.520614764601886548e-02,3.744334982396668465e+01
3.236383210847796477e+01,-1.797123283714019415e-01,3.785771545734090182e+01
3.290430438659544876e+01,-3.735561134702628655e-02,3.798203425927552956e+01
3.247491865451460313e+01,-2.025576094591839404e-01,3.765837205907637042e+01
3.244129213310853999e+01,2.031540176358206384e-01,3.747259649684613692e+01
3.264935262754210754e+01,-7.645420889022286337e-02,3.773328852831861013e+01
3.246288546009452602e+01,-5.620449060108038269e-02,3.753194410366442924e+01
3.272020541111598391e+01,5.971746731732389124e-01,3.770205790240454036e+01
3.241159113069367237e+01,1.194218245860086819e-02,3.764804038607414327e+01
3.269237304161197954e+01,-3.716101235620996590e-01,3.797322521565700271e+01
3.291455530212688529e+01,-1.825280003034727150e-01,3.814407389594860831e+01
3.277620062884674468e+01,-8.566595443159159828e-02,3.788163609120376663e+01
3.299793513550445567e+01,-1.513396298488837166e-01,3.801223323271221233e+01
3.221915326760593956e+01,-3.149688862265067057e-01,3.800045014633038676e+01
3.274557560357796149e+01,-1.451477742871208620e-01,3.803268564713067690e+01
3.231897087355104503e+01,3.364472764905419577e-01,3.787628025655554609e+01
3.268657217489001710e+01,-4.474921473100121894e-01,3.759260558831454802e+01
3.282305753578308583e+01,2.159300554123088078e-01,3.757212718162970333e+01
3.268438037435717547e+01,-3.445662226312410925e-01,3.757725802153684214e+01
3.287890184736224342e+01,-1.250341156970668222e-01,3.781207669997926502e+01
3.274493727339324067e+01,-6.337901622378667998e-02,3.758875490606484959e+01
3.262314380786320100e+01,1.626790697701576693e-01,3.785435666310890923e+01
3.268579422097058540e+01,-4.031586902503898617e-01,3.790659514472390157e+01
3.257951401629335209e+01,1.844271925677961610e-01,3.765417583868295992e+01
3.288467178821066028e+01,-6.666586300630768236e-02,3.820049435048829878e+01
3.249170207065710514e+01,2.526880595225828863e-01,3.794953709736971348e+01
3.249676108663809515e+01,3.082941893440220744e-03,3.776952092260336968e+01
3.272556126974353674e+01,8.651198246678153125e-02,3.791345971783715640e+01
3.281869549005980957e+01,-1.690982713736865761e-01,3.758008852358676677e+01
3.255761162705623946e+01,-7.851568456504520732e-02,3.763032531286616944e+01
3.252395047541993023e+01,3.059550667644639343e-01,3.791271711572112224e+01
3.232878761705209314e+01,1.748673703686884906e-01,3.761308178036400562e+01
3.264131198948769708e+01,4.207752408668662958e-01,3.796144673587024698e+01
3.265617593841414390e+01,3.277818489210589936e-01,3.803774241471791839e+01
3.239888267056779370e+01,-7.200484032491526187e-02,3.769446502421990886e+01
3.271727970026578447e+01,1.988350909907379283e-01,3.784527509040047022e+01
3.271286121532710212e+01,1.405021250330121610e-02,3.776310830229780890e+01
3.253698197337201492e+01,9.664664764609741388e-02,3.803870000496524284e+01
3.287057550757686641e+01,-1.468097098834021952e-01,3.819321561810107113e+01
3.252826589162132365e+01,-1.681267908473501049e-01,3.804690481497912913e+01
3.247809193417621998e+01,-8.976851256558228409e-02,3.796001008946001321e+01
3.297234999666532218e+01,2.704967824688230271e-01,3.761724849340085086e+01
3.252747913872919128e+01,1.971206451650182601e-01,3.796012157746359605e+01
3.282067318812854495e+01,2.778309644450938642e-01,3.779805585934582979e+01
3.271495261672435362e+01,1.879067370201777942e-01,3.823620081103585733e+01
3.261490417227828686e+01,1.120727223814777240e-01,3.764589748462165630e+01
3.278321054637049059e+01,1.524961577578231586e-01,3.791436473770838944e+01
3.275052596061833299e+01,-3.584578135820051109e-02,3.777584598773510294e+01
3.271981011612870560e+01,-4.181172212500142149e-02,3.803212271661861621e+01
3.275984481737568643e+01,-2.686922716568959091e-01,3.785814662056647961e+01
3.245775644388313452e+01,2.722622613459815474e-02,3.776133008320068996e+01
3.271862826369287802e+01,-1.525925438226525266e-01,3.796267142538246731e+01
3.273094734400942230e+01,-2.252511800353165783e-02,3.769870274995405879e+01
3.229226416202194372e+01,-7.516589243980351109e-02,3.781046568990748113e+01
3.280529174321760166e+01,1.070086747116628656e-01,3.789997489530529862e+01
3.248850826598701502e+01,5.301611981758996839e-01,3.758031189360786328e+01
3.265514426119190716e+01,-1.966221495255269514e-01,3.770436853218188133e+01
3.281058332460840177e+01,-2.887054657443843264e-01,3.793235150504434472e+01
3.284025326591017091e+01,-9.105405785584852474e-02,3.772605097948522967e+01
3.237361692218424736e+01,-2.609417316885118132e-01,3.796862843687982547e+01
3.274155025758267357e+01,3.561560500785163064e-02,3.796259821780969190e+01
3.254460345939965293e+01,-3.316719429367802063e-01,3.817893447012128405e+01
3.259059357932903822e+01,2.320943025908243917e-01,3.802350810939452685e+01
3.238264801788016456e+01,3.300334137795253309e-01,3.750598117119121611e+01
3.276493734022997728e+01,-1.467947672398282888e-01,3.783592044206407223e+01
3.296718591244032126e+01,2.042538849569003334e-02,3.781839559745358059e+01
3.266208183159237421e+01,2.851629544250632864e-01,3.786127743527035960e+01
3.281779793637146270e+01,3.253916445472215813e-01,3.766860597795709253e+01
3.279993798323838661e+01,3.736909526226857570e-01,3.798868600051386579e+01
3.264480224671444830e+01,-8.064175560491330941e-02,3.776527685431599224e+01
3.251306009884481085e+01,2.274586040313683888e-01,3.805630132652407838e+01
3.255567993279558436e+01,-3.115055449789876918e-01,3.767518044971511415e+01
3.295510882483246462e+01,-8.398112581583037917e-03,3.819994504737002927e+01
3.251141479983944294e+01,1.377821423150433489e-01,3.772069618078777609e+01
3.258189360403552826e+01,1.672890493386851307e-01,3.787191279110835751e+01
3.232675110876948565e+01,1.455514149523399470e-01,3.771912867055750240e+01
3.306084487784018933e+01,1.404985352035195423e-01,3.737357003226667018e+01
3.271015635380911135e+01,2.219902971830544358e-01,3.770614123331424850e+01
3.289701848942218732e+01,-1.115617754341284434e-01,3.781185662753382815e+01
3.251540250639666851e+01,3.898411676427466777e-01,3.794028156645508432e+01
3.258769609839493597e+01,-1.027075707073064059e-01,3.766427165627271023e+01
3.261175187897079297e+01,3.481499575316431838e-01,3.795823108412351132e+01
3.263545644477017760e+01,1.625735452089496214e-01,3.748424865586128618e+01
3.247838098888986735e+01,2.835749063051828389e-01,3.751154468568903155e+01
3.234234246296737325e+01,-2.021018387777959724e-01,3.790283156204698400e+01
3.253217080388923677e+01,-4.876200048779825297e-02,3.777757670307262572e+01
3.220767636407242662e+01,-1.068539572472081145e-02,3.797442486479183543e+01
3.239674644661523928e+01,1.743549309758527510e-01,3.791055432971832317e+01
3.277778490645687270e+01,-1.766983734633602032e-01,3.790095140762165471e+01
3.277187744328735874e+01,4.089576438101923950e-01,3.805898835365931632e+01
3.259328510832685311e+01,1.729118347039448611e-01,3.797379001394779863e+01
3.292676219931292536e+01,-9.665951541670396441e-02,3.794470161104926120e+01
3.268575225804746509e+01,-2.724371609125711066e-02,3.805546484930555806e+01
3.294425635084573400e+01,-8.393525613202634794e-02,3.788203117908988560e+01
3.270054944985923129e+01,3.182879227142381140e-01,3.784382943987710490e+01
3.256333140842376395e+01,2.236972152362027427e-02,3.811693742461819312e+01
3.244076305061147281e+01,2.478982616748601764e-01,3.774509236634744980e+01
3.258389198348910298e+01,-1.808738330253063520e-01,3.786976158050469365e+01
3.306825193219928138e+01,1.262917475106201948e-01,3.781441771397046381e+01
3.260417612870407567e+01,-1.940188332648836236e-02,3.786134432336699973e+01
3.244222566277590403e+01,-1.279011983372150829e-01,3.781717905160622450e+01
3.295706487324843437e+01,-2.941567812177754981e-01,3.782553527078892586e+01
3.290645776695836133e+01,2.427485551647293183e-01,3.822133784817644653e+01
3.269238869942415704e+01,4.704555148156815830e-02,3.780592491238324016e+01
3.301918851311666003e+01,-2.232634149335903651e-01,3.795446971851130513e+01
3.252129622887827054e+01,1.610989724039836868e-01,3.756003529673686359e+01
3.244686576460782135e+01,1.261251757564357534e-01,3.763381409339721984e+01
3.258248094913997051e+01,-2.414604650924908891e-01,3.793625169917928730e+01
3.264237256418456212e+01,1.095081789774516035e-01,3.814043850402339331e+01
3.245846037341150492e+01,3.575058561147827496e-01,3.797479667870561570e+01
3.272493215941064904e+01,-2.612664820638693763e-01,3.761780506479560415e+01
3.261644882429510517e+01,3.300336691641049813e-01,3.802079759150073812e+01
3.289478008536036668e+01,-4.362078791397316913e-01,3.801131521334609431e+01
3.254529273505650622e+01,-1.266270634117984961e-01,3.785093281789036723e+01
3.278198829208321996e+01,8.419357853697759242e-02,3.770923284702198686e+01
3.260252531836701451e+01,1.127677471368863059e-02,3.812678492015547960e+01
3.280608948341625108e+01,7.513747996039422949e-02,3.727528014586953731e+01
3.263517079661888687e+01,-1.796757570322615183e-01,3.751111132388304981e+01
3.292653860050469206e+01,-2.540787018520025420e-01,3.790878161956523940e+01
3.237306366675149150e+01,-6.041984343057744955e-02,3.768746200818137027e+01
3.290669734344931641e+01,-3.586474423704513748e-01,3.791750020476689542e+01
3.260460189719856317e+01,-2.278934792775189067e-01,3.847918758307078235e+01
3.241406469331349882e+01,3.002338165801570757e-01,3.771720481016316739e+01
3.284139371002081020e+01,-1.332600520105737818e-01,3.766912519376860047e+01
3.291288625894220132e+01,2.629906452727034938e-01,3.794673254468039403e+01
3.292343666264204671e+01,-1.961736848365069341e-01,3.777238926168680422e+01
3.265946734460329282e+01,-3.342625503364677897e-01,3.813340696784408124e+01
3.235944145040566866e+01,-1.810612187320327637e-01,3.761367184377160555e+01
3.261554180979564421e+01,4.271081014144273436e-02,3.808196794048552647e+01
3.268406363991035590e+01,-5.910022540600110008e-02,3.757552780271664261e+01
3.251860033990831056e+01,1.907106096988924610e-02,3.771564655121837006e+01
3.270692245624214678e+01,7.057631731191564561e-02,3.783136734390976130e+01
3.241893734890211221e+01,1.156037947911156549e-02,3.755021696296511635e+01
3.271825907287946222e+01,6.204139092800890071e-02,3.785830104076718783e+01
3.252953267027233153e+01,-2.534780653047780108e-01,3.763088270313915729e+01
3.290914227392204339e+01,-1.132089073216853009e-01,3.776050950241445747e+01
3.289851902540775797e+01,-3.159278306415987392e-01,3.786470019428918476e+01
3.284508674964078523e+01,3.656534075816796903e-01,3.790515268721402720e+01
3.274112608548936976e+01,1.082169225298593301e-01,3.782317943651973025e+01
3.272332379968884908e+01,2.875340687348792446e-01,3.764070122391768791e+01
3.236495477878121108e+01,2.109641733159900445e-02,3.762977813344493683e+01
3.292727099463088081e+01,-4.202076096160149432e-01,3.792881092971403945e+01
3.254378863219895379e+01,-4.466998092070104676e-01,3.771108623740697396e+01
3.254423495550656042e+01,-1.442281458344837203e-02,3.775797254017963667e+01
3.241255969562303108e+01,2.260522651104344138e-01,3.824795319870768395e+01
3.279918387369066579e+01,-2.321501659715838051e-01,3.745700040595724545e+01
3.234440437958109982e+01,-2.405417106765785074e-01,3.753017772876334135e+01
3.316423185164573084e+01,-2.824678906552617608e-02,3.814433654751063330e+01
3.271844519101834692e+01,3.006739397386835183e-02,3.771284172466366869e+01
3.232262650405285598e+01,1.827946283078937459e-02,3.815392115817472529e+01
3.277540583529895457e+01,9.391389502405300682e-02,3.782901918794130580e+01
3.250438004809997494e+01,-1.160769563230312218e-01,3.836286792225148901e+01
3.251575742360103760e+01,5.217078920366371997e-02,3.774352236355387902e+01
3.286640852711504834e+01,3.513177804443364666e-02,3.743701634441263337e+01
3.319256303860451851e+01,-2.313711580023940506e-01,3.798353052790774598e+01
3.254556628400117546e+01,5.319947781295104351e-03,3.762651203570878522e+01
3.255729106012361029e+01,-2.477694137355475057e-01,3.812474262658723489e+01
3.260716838863466194e+01,5.510871611147885596e-02,3.758759627199605546e+01
3.278086208792766598e+01,-9.110643799690938682e-02,3.788424871325939591e+01
3.329407754760097760e+01,1.471562481178358417e-01,3.770150983029696334e+01
3.237546300264830990e+01,-2.723478659186419626e-01,3.803922986713924104e+01
3.260609843840887834e+01,-3.894724480813596124e-01,3.744323081157967437e+01
3.257184055548798796e+01,3.039456003746687784e-01,3.776690228773395575e+01
3.272619101852907875e+01,2.256918237046220618e-02,3.803820237082666722e+01
3.284984352004669006e+01,-1.879521511187051963e-01,3.786063085982964793e+01
3.266103618543086640e+01,-2.410089780698318473e-02,3.811806236512735779e+01
3.298997011337972651e+01,-1.232246952728018319e-01,3.795505293632553645e+01
3.302515064338346207e+01,2.202216138014814403e-02,3.717014707822306008e+01
3.251907730768365923e+01,1.675807385523870596e-01,3.765424507663725251e+01
3.259065452907273652e+01,-3.156190401192181527e-01,3.811687601822196569e+01
3.251938302822168225e+01,9.112446314751035392e-02,3.790824186390035067e+01
3.232084444055706740e+01,-1.677187891188502977e-01,3.810829362914305563e+01
3.267228052505655711e+01,-1.396518117672628234e-01,3.816134203060161667e+01
3.278874123319592826e+01,7.809229482197455052e-02,3.795130348806721088e+01
3.283136313127730688e+01,1.327550914789522862e-01,3.822292215949875072e+01
3.282493685793559024e+01,1.126656138395367157e-01,3.772670092773497430e+01
3.239257466592631118e+01,3.470373761924692158e-01,3.765425962248684044e+01
3.259337144688465315e+01,-3.273620408159997885e-01,3.762687409743574563e+01
3.252170201972363373e+01,8.429675724157173478e-02,3.841191947325211942e+01
3.221387420951462843e+01,-2.854277898382758250e-01,3.762103438030088398e+01
3.260257990677216355e+01,9.654328313853982602e-02,3.767055893217850127e+01
3.273924211223108216e+01,-6.557606339723019706e-02,3.764823492640955749e+01
3.289609628513638029e+01,-1.637438914727725181e-01,3.770232765835267230e+01
3.263771911740342091e+01,8.570581334858713707e-02,3.754020135327161967e+01
3.279255656255708118e+01,1.196416975589741638e-01,3.789770694811665663e+01
3.264250256619583013e+01,1.476143277425435441e-01,3.797859040583722390e+01
3.290150202606440644e+01,-7.728773863607833750e-02,3.789759362858829661e+01
3.242846818558286515e+01,2.869514327844062407e-02,3.796747708878529437e+01
3.242920256221428588e+01,-4.252032672431176052e-02,3.789933592759347647e+01
3.243655740552434708e+01,-4.560040845477691951e-02,3.777373971874670389e+01
3.257644770500674269e+01,-1.472136043637574943e-01,3.786785947729597979e+01
3.258409517627892882e+01,2.134561116692039739e-01,3.773977066328130547e+01
3.275821383434536926e+01,3.457833174362243828e-02,3.782262432899052840e+01
3.320444783479693029e+01,2.205228972184325800e-02,3.778359113001837244e+01
3.280482256563016108e+01,-2.665677606895400786e-01,3.778682760113341743e+01
3.274585189846393973e+01,-1.622335967411034710e-02,3.779514651496960909e+01
3.290584881008987850e+01,2.658324065904796307e-02,3.811103640947910520e+01
3.249802124674000225e+01,-2.067898801150240551e-01,3.761309057592111316e+01
3.277984841213502420e+01,-2.474909531723394618e-02,3.813004766135085077e+01
3.273661771558875699e+01,-2.793475239750590755e-01,3.800693059625133685e+01
3.271245513027077578e+01,-1.714281556477935675e-01,3.764521288019961531e+01
3.274239924608885133e+01,1.283044104812397328e-02,3.791050627599032197e+01
3.300479114083875487e+01,-8.078622186469459898e-02,3.773596028040515904e+01
3.294624377300579710e+01,-9.907846965387799576e-02,3.730279557625449627e+01
3.294013754004723182e+01,-2.764746887634433881e-02,3.834506877278555947e+01
3.293620362068197238e+01,2.445497127166390838e-01,3.767607987193730423e+01
3.283650599609697451e+01,-1.334764033385434090e-01,3.782735624785588868e+01
3.246800745909862940e+01,-1.129341985787011560e-01,3.772670975240432512e+01
3.271814729839198321e+01,-4.348527826363352000e-02,3.756216155919582889e+01
3.255117982860186743e+01,4.314558055961831978e-02,3.789506274993569690e+01
3.268320389808822313e+01,5.322239290073508405e-02,3.793515018797518934e+01
3.265309378086922720e+01,3.944833648554687405e-02,3.794567581818832736e+01
3.233431064451796288e+01,5.724053749308778694e-02,3.772239710037749205e+01
3.268254096516807294e+01,-4.223863323893903843e-01,3.736600380885973038e+01
3.224161200778859637e+01,4.025772960743261714e-02,3.780280801874521757e+01
3.260649018599285398e+01,3.104855150130121921e-01,3.803011555130005661e+01
3.278356853538484472e+01,-1.367630527790512918e-01,3.787183702140899300e+01
3.227897330996371039e+01,6.832989453421779713e-02,3.771902132725973189e+01
3.257817566981500335e+01,1.575928024153246398e-01,3.821584478060507450e+01
3.274326062388958292e+01,-5.514307658079249663e-02,3.790453308718229408e+01
3.291755397080446954e+01,-1.233467843104688183e-01,3.752403032873565536e+01
3.292728308143730231e+01,-4.246545327632806899e-01,3.789663098180407985e+01
3.264408348245731162e+01,-2.242671050374390185e-01,3.721549770345929176e+01
3.306020331501447629e+01,9.630751389501457371e-02,3.812307749465782081e+01
3.274109919391217005e+01,3.158487569532777983e-01,3.787125717264732572e+01
3.289365474161485281e+01,-3.512047473632962102e-01,3.758634050033840168e+01
3.287917558681031949e+01,-2.835052833985423140e-02,3.787631853562091067e+01
3.276559478033863115e+01,7.756247201025617995e-03,3.785300362799186757e+01
3.238031221822424754e+01,2.854130080685942650e-01,3.795564559730456722e+01
3.262875605140627755e+01,-1.284963854840910080e-01,3.788412166693059646e+01
3.264626192691544304e+01,7.601095703483407018e-02,3.826672924816820398e+01
3.257812086011738728e+01,2.050814048314119897e-01,3.808318297997199409e+01
3.280196267515114528e+01,-1.745144855423653163e-01,3.753762350166370965e+01
3.286654088125874296e+01,9.104863706380789123e-02,3.791323318908524698e+01
3.296560936397505515e+01,-3.479393344362999851e-01,3.785268380076260542e+01
3.262751900364139601e+01,-1.096054690707058688e-02,3.785776441759742283e+01
3.261476003302573901e+01,5.989789547429884981e-02,3.781620972413107040e+01
3.273581038482715400e+01,-1.520859857443021823e-01,3.778252447940207048e+01
3.272940802274965222e+01,-1.640592734605694769e-01,3.797266222186588180e+01
3.255366201293524853e+01,4.299577482901661973e-01,3.786649084056187320e+01
3.268899085507037228e+01,-6.834067040439022189e-02,3.759968886818117539e+01
3.269105722738385822e+01,-2.985627878846907612e-01,3.787931474252484776e+01
3.258947410032548930e+01,-3.376723566342381549e-02,3.810325659632023587e+01
3.259799857996485883e+01,1.626365953869933489e-01,3.756799815976706469e+01
3.260851673495803027e+01,-3.071742320393837655e-01,3.756001703022167959e+01
3.260287523991809167e+01,9.208174196967190694e-02,3.804954906795096292e+01
3.271358835652539909e+01,2.977614249696454718e-01,3.790348319616909833e+01
3.254766291836470771e+01,1.618206396340162723e-01,3.804607139428874518e+01
3.236851202399786587e+01,7.307399211129282646e-02,3.715024391363435541e+01
3.254108367882090391e+01,9.170868284672323290e-02,3.786383686787397096e+01
3.283618941572838423e+01,2.668199642116027559e-01,3.780423147989798593e+01
3.275115001555479921e+01,6.110569597362397465e-02,3.807093706057065674e+01
3.216493732411478135e+01,2.699328519273216931e-01,3.799164092503581003e+01
3.293058130897988889e+01,-2.322246896478459277e-01,3.777007319954397957e+01
3.234531246793044090e+01,-4.042806189670304362e-01,3.780303986946209704e+01
3.249337199384795838e+01,1.367833238459940925e-01,3.802771914511535556e+01
3.271518083089634388e+01,-8.999722422957651125e-02,3.777963814307348400e+01
3.259865485909278959e+01,-3.238369968086114437e-01,3.761249187714994946e+01
3.261967725230451265e+01,-7.713417802334437967e-02,3.780413114681617515e+01
3.244040379526370543e+01,1.109918255913326796e-01,3.768548225927967366e+01
3.276241668088703562e+01,3.585681027770191709e-01,3.771646999880166362e+01
3.253802744138194925e+01,-2.985506951078752969e-01,3.785061726033536189e+01
3.285462931547836263e+01,6.034105531169989267e-02,3.764105711034863333e+01
3.299324875813790925e+01,3.233013539915750023e-01,3.788092849976566612e+01
3.271980376747864483e+01,-1.338055547831394354e-01,3.781435724779962726e+01
3.256144625167551965e+01,9.612630715058834152e-02,3.794853631008279393e+01
3.277444613187971356e+01,1.152309030972176046e-01,3.762689489688688127e+01
3.263648143611568031e+01,4.628432911392204585e-01,3.743518833344148078e+01
3.242448521060258315e+01,-1.531056365564739119e-01,3.794429251666809932e+01
3.239571923288656308e+01,7.771950580796795072e-02,3.824780794864527422e+01
3.258699043933711437e+01,1.921479168807412041e-02,3.752730558500317670e+01
3.297036215262843228e+01,1.125531743028550247e-02,3.755971838667937135e+01
3.237152064564570964e+01,-2.426824504277736438e-01,3.782324320110537741e+01
3.293826602986410990e+01,-2.810575075628288788e-01,3.746096846145414361e+01
3.278644968154019779e+01,-2.515472085399285129e-01,3.772632938592366258e+01
3.256657256960351532e+01,7.330861663022118779e-02,3.795279792495487925e+01
3.251181089008503733e+01,2.524024652875789254e-02,3.786817632474058115e+01
3.265695287334175845e+01,4.657659350594556963e-02,3.828864731199378468e+01
3.255921206373802335e+01,2.594491462414119098e-01,3.760601834638437424e+01
3.289347615366901323e+01,4.878430592865454912e-02,3.812136710690113262e+01
3.270872074288997311e+01,-2.853467698499349003e-01,3.778277707024646759e+01
3.310059741515765808e+01,5.793213901148244749e-03,3.766467824490572269e+01
3.247752693321156414e+01,-2.799977749375832103e-01,3.766323243368660911e+01
3.250635950318071110e+01,-4.685348191900144676e-02,3.825340967901701106e+01
3.258507869536901325e+01,-1.127942172123458930e-01,3.790685612529870951e+01
3.258328407253218728e+01,-4.003573994590154950e-01,3.798223182515196328e+01
3.269725634199510012e+01,-1.365295310729040257e-01,3.754553887707946558e+01
3.257491020627379186e+01,3.033986413279086136e-01,3.813312530904413933e+01
3.301452324770796309e+01,-1.212390593131149052e-02,3.790840828373498539e+01
3.266385310714647972e+01,1.529231260723447061e-01,3.779172165342666290e+01
3.281320421147845678e+01,7.449020467275883906e-02,3.813942317577917152e+01
3.283415138432422964e+01,-1.637555685653306892e-01,3.750612566863993180e+01
3.276689223354687641e+01,3.603367944532595568e-01,3.771243488573131941e+01
3.278683931572344790e+01,-2.022141032542627281e-01,3.785977064689312499e+01
3.228189305797112496e+01,9.818282761442138906e-02,3.787292827245762084e+01
3.269760577710535188e+01,-4.407966217120870001e-01,3.761692400741532794e+01
3.278161493751532873e+01,4.739087320424755223e-01,3.822188430430098549e+01
3.246629043084308819e+01,9.531162010683265351e-02,3.795104508694824119e+01
3.277069041188737231e+01,-3.899223869213756799e-02,3.805656037645721312e+01
3.324954354553166525e+01,-1.458595778068332849e-01,3.780390200674438006e+01
3.270140981374623124e+01,-6.588524655235718230e-02,3.782401308847146026e+01
3.288544100808073978e+01,3.880587371177678935e-01,3.802521761284631907e+01
3.279062085200452970e+01,-4.129690472489920272e-01,3.780276878518438366e+01
3.234450568397213033e+01,-3.389050897676755270e-01,3.776254106330669913e+01
3.275636379045107560e+01,2.882015216370139021e-01,3.798337823392597556e+01
3.293795060948365716e+01,8.083991889466603242e-02,3.779367474103880653e+01
3.301647860303201298e+01,1.752094690005918942e-01,3.775169945787762060e+01
3.280451199555916730e+01,-3.207420483848907322e-01,3.807224409510985907e+01
3.262468551149468254e+01,3.231273857488994178e-02,3.749552791638846827e+01
3.235979739888113471e+01,2.188609147778665734e-02,3.785880666249453697e+01
3.265830104416927071e+01,-1.601900137708207605e-01,3.793524949082503639e+01
3.271797228489327836e+01,8.338019622967353384e-03,3.804847744357471129e+01
3.289452663959763612e+01,2.734234931639462074e-01,3.785666897021847177e+01
3.250826012156741740e+01,-2.292833094257399340e-01,3.779050083652663261e+01
3.263704885838000536e+01,2.938256078664073789e-01,3.798561420117105314e+01
3.274728614066224708e+01,5.428101961833053934e-02,3.795733477666352940e+01
3.254978506157392104e+01,-5.601233133338422432e-01,3.811766819189134026e+01
3.244900183923338233e+01,8.308048355529548679e-02,3.780183879180274431e+01
3.289560233140802126e+01,1.325435485758534315e-01,3.766922744917896182e+01
3.303455289318860366e+01,6.378133362984478652e-03,3.790858091335762481e+01
3.277433336294366484e+01,2.589622939024410764e-01,3.767604634272271369e+01
3.260395363632667198e+01,1.884458925872337098e-01,3.785662118069365789e+01
3.239118128056571067e+01,-1.793359474901750489e-02,3.788077359603968119e+01
3.262235460197710779e+01,-5.428964857546589307e-02,3.804787294069856785e+01
3.247389305943421078e+01,1.098222443238468932e-02,3.769407606793563303e+01
3.251514631795828336e+01,9.465052293073386580e-02,3.767541030595209151e+01
3.262538755883205965e+01,-1.823635965379098167e-01,3.762721986791768813e+01
3.277494522903672447e+01,5.666925820973289785e-01,3.783994663000873260e+01
3.260001120854208523e+01,-2.543975396700611791e-01,3.820743435572043012e+01
3.287193925409918904e+01,2.889817497849349048e-01,3.783381964828556931e+01
3.297196753533873448e+01,-2.723717156456774147e-01,3.786246513624159604e+01
3.293162259524149249e+01,4.265476691567975376e-01,3.768548538084366584e+01
3.311322141849847611e+01,1.958379480105222614e-01,3.768647619874987242e+01
3.248582263713241503e+01,-2.038063102936101684e-02,3.786030121734698639e+01
3.269026781700001294e+01,-9.391377113999239967e-02,3.790662462729581961e+01
3.245642991904636432e+01,-4.518083075816013983e-01,3.805411423914429037e+01
3.248391360517815230e+01,-1.964486615987509066e-01,3.754524196593533247e+01
3.264720236263541153e+01,-1.487840130793855256e-02,3.784181886529126615e+01
3.265340206347407559e+01,-3.286235895278546426e-01,3.793027527950733457e+01
3.263091802422948007e+01,4.821166441323837711e-03,3.836573099450862401e+01
3.253819914071456054e+01,-1.406945047044311052e-02,3.793366778643720494e+01
3.277230431869488569e+01,-9.664400164413897501e-03,3.795677643605586837e+01
3.261657909776419473e+01,8.505190287878376665e-02,3.772350257963760356e+01
3.272525413329739052e+01,1.685981960725926876e-01,3.775866742765662565e+01
3.239975648650064954e+01,-7.170556585853180009e-02,3.800915072823108432e+01
3.260112424496085737e+01,-9.144151186148808492e-04,3.791079438682098868e+01
3.264893758651547273e+01,-4.048604217541915129e-02,3.783393396029754996e+01
3.263705809385228918e+01,3.351679412664143598e-01,3.782552574476779483e+01
3.263361662493315407e+01,2.047555738505142942e-01,3.785926687399383184e+01
3.271801743405477936e+01,1.653323741581699466e-02,3.786328850316675698e+01
3.263284171057490823e+01,1.845705674399991669e-01,3.828642291932771258e+01
3.281672859218330984e+01,1.230345688692667666e-01,3.802855221844988876e+01
3.263556763978834141e+01,2.976188499604752180e-01,3.786440961500537838e+01
3.231082818977716187e+01,-2.731266575080221193e-01,3.798618602611513495e+01
3.241294422128756025e+01,-8.365423228340258463e-03,3.739636402214861732e+01
3.301837902439864791e+01,1.098875344007489985e-01,3.787076824881626891e+01
3.295546974829208864e+01,9.950539141595403370e-02,3.801524343206543222e+01
3.278817104364897972e+01,-1.508070399562011499e-02,3.782853690143630843e+01
3.258514942000841330e+01,-4.732359555128157758e-01,3.765373959463236986e+01
3.260519212739844619e+01,1.597382282397969977e-01,3.833600295531646651e+01
3.271618763506057093e+01,1.555865925905669522e-01,3.775385135553703719e+01
3.257602238892303603e+01,3.448186792236164477e-02,3.782774929698300070e+01
3.274410939149179001e+01,-2.431259384322447537e-01,3.796809034007518591e+01
3.260509951882400514e+01,8.943411825331326614e-02,3.776856924006222727e+01
3.258289785098765634e+01,1.131181938696769057e-01,3.782809720827167865e+01
3.270642602223658457e+01,-1.180735472341368358e-01,3.772300977775721265e+01
3.306126813476680582e+01,7.063419759260211594e-02,3.768462208811794767e+01
3.285903406780406755e+01,-5.172541677141201388e-01,3.766094461533442939e+01
3.265976169880115521e+01,-3.691479112108574795e-02,3.797911821569405788e+01
3.273612960421301921e+01,-1.242903300753439855e-01,3.828000362588692695e+01
3.228475561017731366e+01,2.218562918626207914e-01,3.782158292397783583e+01
3.268713583647688381e+01,-1.127096343372599452e-01,3.795587391638031960e+01
3.253669483562340758e+01,-1.840331268859386471e-01,3.773253620579953349e+01
3.241730521531538045e+01,-2.078615722898687346e-01,3.830162977385806045e+01
3.286282736270465676e+01,-1.001579876932250646e-01,3.799739528404207078e+01
3.263547891706083703e+01,7.625554073611534589e-02,3.785637518538148782e+01
3.271093044396324245e+01,1.471814542788257574e-01,3.796002286991897279e+01
3.245245435745198392e+01,1.233404845983913783e-01,3.753724465935279397e+01
3.263069734949009160e+01,5.382434539204776769e-01,3.777332012928663829e+01
3.281491236215879326e+01,1.030217857406013904e-01,3.784381420135227359e+01
3.238140196179886487e+01,2.391376224967675934e-01,3.791239572129868662e+01
3.267474550565395930e+01,-1.970226336942354495e-01,3.812865167653077947e+01
3.269772857002480748e+01,-6.122162882901460018e-02,3.746117166111856278e+01
3.283494442120456824e+01,3.776991651817273588e-01,3.779782353601764555e+01
3.252617842643903145e+01,-1.236159446553043301e-01,3.791493083602797753e+01
3.245595304886455068e+01,-1.068211474823112656e-01,3.839055188776270455e+01
3.292858221092335214e+01,1.738683691786126473e-01,3.781991688535860874e+01
3.226771736669608970e+01,-9.857158971324039842e-02,3.796845709992017959e+01
3.276556789928579860e+01,-2.323229313369674365e-01,3.782602652784856900e+01
3.249938277582565149e+01,-2.336780900792969351e-01,3.779375073259815565e+01
3.274038225224960996e+01,1.703193613143123494e-02,3.793130402117003541e+01
3.242881625397811973e+01,3.274058420601689834e-01,3.768358715158937855e+01
3.249455420136832373e+01,2.221612672611674444e-01,3.796801652881710964e+01
3.289078553406270800e+01,-1.598092885390486884e-01,3.815662833891089178e+01
3.276818181581303691e+01,-1.329353569509731381e-01,3.757863454166341199e+01
3.247540082378652215e+01,2.602525100243072709e-01,3.776184167203052766e+01
3.283201403112234829e+01,6.502777010599013197e-02,3.766885449422552057e+01
3.239668633180013302e+01,3.089279478990330507e-01,3.767149350324315549e+01
3.290208656560663769e+01,1.354605005780128157e-01,3.801670316274925199e+01
3.243314986262930688e+01,-8.511569528750513591e-02,3.771801052052840930e+01
3.236635368032437299e+01,1.621620163336118248e-02,3.795184116694702681e+01
3.275650493788204898e+01,-9.615214858048945490e-02,3.794438544519823608e+01
3.286313969817643255e+01,-5.347373872657375238e-02,3.804236514057457441e+01
3.280404385011615886e+01,-2.638622664539072571e-02,3.805896684755898463e+01
3.243997819063694976e+01,3.947092737699946924e-02,3.785284028923457100e+01
3.250288481990266831e+01,-1.338760301170742184e-01,3.769305973769841955e+01
3.255529356364571925e+01,-3.277037944805100914e-03,3.796879815990744333e+01
3.255240424826025247e+01,7.762216657660223063e-02,3.790955609558646699e+01
3.252840170692930144e+01,-1.021812457494234300e-01,3.787793751583650703e+01
3.277181848239673911e+01,2.512833061033042676e-03,3.773292784169898084e+01
3.291829135143404983e+01,2.003280350661887921e-01,3.805628927735332212e+01
3.234561015246254811e+01,-7.451496460963029367e-02,3.793863270073872229e+01
3.275455027643352679e+01,-1.089725677380869312e-01,3.765000844367182964e+01
3.247146381011640415e+01,-9.278010472525205499e-02,3.793927722931844926e+01
3.268694829945236080e+01,1.921482359299300502e-01,3.762928735569810357e+01
3.249429177735290608e+01,-2.499845386361225774e-01,3.793378399352452135e+01
3.262973156788979878e+01,-1.789696902390391919e-01,3.835280885222569225e+01
3.318853315771314527e+01,-2.552382616121340320e-01,3.765884745505977804e+01
3.265783493505511359e+01,2.836789948827780905e-01,3.801806961827391262e+01
3.265837539067503315e+01,7.231644385722456325e-02,3.775840508402303186e+01
3.258404156694847131e+01,4.603725670789154956e-02,3.796627400644519668e+01
3.266031254589849198e+01,-2.017317855916689329e-01,3.759716704901049411e+01
3.291616840105750441e+01,2.468955096341976518e-01,3.816065376419533806e+01
3.259227254766533122e+01,-1.761231794257556993e-01,3.771805194866179534e+01
3.256760581782371133e+01,1.022253602943043460e-01,3.769030607180297920e+01
3.271616289354906115e+01,-4.055108873796700597e-02,3.777298951036274843e+01
3.233880384612226777e+01,-1.246315721173621993e-01,3.782832169338412598e+01
3.278849687193477536e+01,-2.450042326670020254e-01,3.776845072861993913e+01
3.283817752877044427e+01,-1.389900516970329902e-01,3.791761615935266150e+01
3.276946904506308300e+01,-1.145699081501680566e-01,3.797709343819698091e+01
3.218662731743909688e+01,-1.553700502119328974e-01,3.798439156398417538e+01
3.277404986106935780e+01,-5.686056136333176442e-02,3.771477051609500108e+01
3.271937658811990701e+01,-2.073347216810959570e-01,3.804563307577988240e+01
3.255625666087325953e+01,2.698458763645414371e-01,3.772935526755117053e+01
3.274432496581193419e+01,-2.957982098870942309e-02,3.798327566901264163e+01
3.289645190143261289e+01,-2.345420086987726749e-01,3.787572536726157324e+01
3.285346221354259200e+01,2.577126792579064948e-02,3.782881106775354141e+01
3.312387009234975466e+01,1.192284940789944403e-01,3.805378850650216549e+01
3.280811266343329180e+01,-6.812080963639176312e-02,3.801489552072027323e+01
3.242853180124599533e+01,4.641415382460264971e-02,3.801308029108661657e+01
3.265268641930253324e+01,2.301735525001686877e-01,3.787674103951778193e+01
3.257878343974347501e+01,-3.322433059681125650e-02,3.784517878593423035e+01
3.265986582626779722e+01,1.730478151434127268e-02,3.805687462367752261e+01
3.235647033736875500e+01,-1.494978922827712138e-03,3.819003212884302201e+01
3.244616553653683155e+01,-4.711852565728260993e-03,3.799062060847073496e+01
3.257199605775518592e+01,-3.978785927214222307e-01,3.785966128803855923e+01
3.276421194534262327e+01,2.706389336409552593e-01,3.792543346023882123e+01
3.243825665928473256e+01,2.709735330984886503e-01,3.778962846046007940e+01
3.286181114538125314e+01,9.623128368352226736e-02,3.773460641063407905e+01
3.235328379142978150e+01,4.302158494286249107e-02,3.802325262040695719e+01
3.278522255996681878e+01,-1.323564554309316355e-01,3.796925872396636947e+01
3.274766223557870148e+01,4.439850375893695383e-02,3.775163612146405967e+01
3.298370064671528468e+01,-6.942575730966653313e-02,3.802563744083206387e+01
3.243342882545990591e+01,-1.352137064910074737e-01,3.799745533545971199e+01
3.266268544861745227e+01,4.196229057450856503e-02,3.785045098239032058e+01
3.248175872143131926e+01,-5.026627323147010717e-02,3.771862630573711073e+01
3.272112744983635224e+01,-2.223520724187697667e-02,3.786568247855037583e+01
3.276236407114523530e+01,3.068556420701071819e-01,3.756875213500159560e+01
3.249873135490203424e+01,-2.160759490369670299e-01,3.791992938435561911e+01
3.284940417505794130e+01,-7.138782375628371923e-02,3.723604916364378425e+01
3.271811640526725284e+01,-2.498013148812591178e-01,3.781525556306837643e+01
3.258726217283967230e+01,7.734146768595069610e-02,3.756782120866688501e+01
3.263873577781581758e+01,-2.108189728764788551e-01,3.786867279486753546e+01
3.267069013123315813e+01,6.030941431101430328e-03,3.812656392582519516e+01
3.263425571152072990e+01,1.863770781956995415e-01,3.804046033614879718e+01
3.260915333722491027e+01,2.515194531994634219e-02,3.786754702475669632e+01
3.281509699642624867e+01,-1.552720814125599924e-01,3.772613245355901057e+01
3.260412392956585848e+01,-1.134197018888037922e-01,3.790201396240323817e+01
3.277004366012647552e+01,-7.712445896296959980e-02,3.789537335268855855e+01
3.255054484671772741e+01,3.141369057190954162e-01,3.796280918640029967e+01
3.254691232234910103e+01,-1.393612540537714911e-02,3.803603545620319437e+01
3.228193120564960594e+01,5.648711850259530154e-02,3.794281257189508239e+01
3.302669433969916923e+01,-9.589432728742086631e-02,3.771420777758504528e+01
3.235341107864025645e+01,1.402036832687240664e-01,3.787718769331245738e+01
3.280001460824766468e+01,-1.185727142917235438e-01,3.779137523011521438e+01
3.222925961224161284e+01,3.057223858886570778e-01,3.788699250641474237e+01
3.272270452267643037e+01,-3.095735512508356393e-02,3.768681200628844863e+01
3.268670077846790178e+01,-2.677975425683052357e-01,3.756871471545660057e+01
3.261525912554422746e+01,3.591909860633802909e-01,3.783550709731289174e+01
3.254853294931728414e+01,-3.712527573528441871e-01,3.765883365594540066e+01
3.244000838350883242e+01,2.898566103935970029e-01,3.789868495490991762e+01
3.257040073902179245e+01,-1.067075582903056347e-01,3.823047107429739100e+01
3.252527719009176366e+01,-6.272524808357522741e-02,3.808361557624213134e+01
3.256556739815086132e+01,-9.983203004061518004e-03,3.815974550905727369e+01
3.270046411210315540e+01,-2.442819241973413491e-01,3.776461225453809334e+01
3.242011836006948755e+01,1.069866422179233806e-01,3.798481049486935746e+01
3.278765664236405541e+01,-3.888461077878693772e-01,3.789397466747662691e+01
3.258663901805321217e+01,1.169604310205318853e-02,3.772812679159155635e+01
3.281239782759707424e+01,-1.401954752833507734e-02,3.786445677633656715e+01
3.274331452083807648e+01,-9.695483928854073050e-03,3.767591968846051742e+01
3.287567249072839104e+01,4.039255204566658541e-01,3.797115762344773771e+01
3.251978146919781665e+01,-5.206517955128758118e-02,3.795120891301968413e+01
3.264664880313887352e+01,-1.833484376398713533e-01,3.780874552262964272e+01
3.273099850866304905e+01,4.832237623076957728e-02,3.781572863938853857e+01
3.272317438882856067e+01,-7.235781737717607298e-02,3.792697335903617528e+01
3.285998676072476599e+01,-1.048248902914214881e-01,3.789713799328216481e+01
3.253111622688906124e+01,2.486587734301634323e-01,3.789465074061214267e+01
3.235601730443537605e+01,-2.475282517142729510e-01,3.787642976647543946e+01
3.271901428227150177e+01,-2.200620470697934872e-01,3.783300403549417723e+01
3.292176681315701359e+01,-2.963683121875543836e-01,3.778307917491333257e+01
3.234587008251320128e+01,-2.720007075876838105e-04,3.805993288325065294e+01
3.292243952104941940e+01,-1.548577915576311304e-01,3.803543065446044125e+01
3.301610015754512517e+01,4.728252156702567738e-02,3.749314624040331978e+01
3.268815461286951063e+01,-1.602774165828025066e-01,3.784338116385202255e+01
3.289712586391176075e+01,-1.870341098318897277e-01,3.815637111787141578e+01
3.243169703245272473e+01,-2.099679675961754199e-01,3.771920931690188894e+01
3.304230971554708418e+01,-2.880119157499025102e-03,3.794081939126962766e+01
3.262049167213375966e+01,3.834613159698634088e-02,3.798978396357055232e+01
3.296547369468396482e+01,-1.111374809846176204e-01,3.749955760166455576e+01
3.254177219757389139e+01,-5.212133427433575383e-02,3.799913137762045778e+01
3.257868919173864697e+01,2.194035232385669887e-01,3.788019183701340609e+01
3.280434050972061044e+01,-1.066421113071300691e-01,3.792395817937505598e+01
3.261938702756913955e+01,1.684190002567187983e-01,3.775593215266753333e+01
3.277434301724326104e+01,3.801530405102987453e-02,3.805899094901275959e+01
3.275982872588383543e+01,1.704034120515258710e-01,3.759384432541968835e+01
3.275111026627790523e+01,-4.106065593094544719e-02,3.758675599389744093e+01
3.242526008330422371e+01,9.174439791536741218e-02,3.780205398604532263e+01
3.290736963082206756e+01,1.280204537159192191e-02,3.746378990042092028e+01
3.249846002382472676e+01,-7.302916616521847037e-02,3.767769450163167733e+01
3.310502737885739322e+01,2.593832860885048608e-01,3.783375328325801235e+01
3.284714035195428750e+01,-2.547945376386089034e-02,3.786239626789073043e+01
3.251152542780304344e+01,-6.943882025580960793e-02,3.748857612777359094e+01
3.257791763323761103e+01,-2.207369540764175242e-01,3.768229562593737825e+01
3.266423470959104236e+01,2.118586737133220099e-01,3.823785263042220350e+01
3.280683560650173547e+01,-5.394157221537645430e-01,3.765781668607730381e+01
3.250068401810028007e+01,3.051199014183254565e-01,3.764716049210728954e+01
3.252547337101066915e+01,1.788188831493773071e-02,3.797368663208953166e+01
3.275637523810092944e+01,-1.809779170682354055e-01,3.810040934379651389e+01
3.240830497789676201e+01,-2.651197666582374435e-01,3.731466813920893344e+01
3.279547456193665766e+01,1.101127828712432088e-01,3.806231554485186308e+01
3.270451143694112517e+01,2.183530443255664311e-02,3.794662913269168314e+01
3.274131109000284567e+01,-4.740980043271879052e-01,3.790417917156220540e+01
3.262581153440928716e+01,-2.139042766638450110e-01,3.797123522691478570e+01
3.231566985746856346e+01,3.916794084210548643e-01,3.803590892160224257e+01
3.262888056908278145e+01,4.579027645305706884e-02,3.814440918981244977e+01
3.250591041734327291e+01,-1.202768442262229648e-01,3.779947693137656017e+01
3.244274892275676336e+01,-1.765867762042907518e-01,3.786917563485037874e+01
3.324240141320128572e+01,-2.814873184491738581e-02,3.827797236283624471e+01
3.286118250063363178e+01,-2.481831640814086970e-01,3.776097020866111365e+01
3.254400214942851477e+01,4.292239010913536656e-01,3.777057585278848251e+01
3.273955644521352326e+01,-3.927952911888543119e-01,3.787784215454533410e+01
3.252724880210800507e+01,3.093283118261343223e-02,3.785003014510743213e+01
3.234211032186781409e+01,-1.980852938589594270e-01,3.772930587950696690e+01
3.286973561270342969e+01,-1.894287168849250191e-01,3.798923781762902507e+01
3.288739650946943982e+01,1.501600137517286881e-01,3.789845251372531720e+01
3.265660008637048861e+01,-1.811216143533963541e-01,3.786885873474015085e+01
3.284439694396942855e+01,1.893961966104106692e-02,3.759932232481618541e+01
3.269253947074441413e+01,-7.595450098154589436e-02,3.747484347321742604e+01
3.270124222063546426e+01,-2.517413833459149486e-01,3.797183459382713977e+01
3.227889714339702465e+01,-4.283792610849770748e-03,3.798382968580514074e+01
3.250342681348534768e+01,-1.154802942505338131e-01,3.793714178154665717e+01
3.276871511379084012e+01,-1.440705216071523354e-01,3.752298824066808436e+01
3.259103407816433418e+01,-8.753690873116963533e-02,3.787387685284857497e+01
3.291142056104451541e+01,-2.533035748152341893e-01,3.775467070305773376e+01
3.257701810883552440e+01,2.741331023651357723e-01,3.810026507039510335e+01
3.279045559432260859e+01,-5.147542205556292910e-02,3.812533895278728835e+01
3.251858687124948233e+01,2.817327761364575855e-01,3.782418416826102714e+01
3.276971638718071489e+01,3.930188288717938877e-02,3.788359271601945721e+01
3.271384837394887768e+01,8.579794555569257575e-02,3.810779161963810679e+01
3.276317975762936641e+01,-2.881242836482940661e-01,3.814794226191889948e+01
3.283187665735361094e+01,-3.234133811750080634e-01,3.763276241523937671e+01
3.304358628300828116e+01,6.633826993825732432e-02,3.788933276947581419e+01
3.269979673666204434e+01,7.662265712783994376e-02,3.776789821151955096e+01
3.251103459174041888e+01,-7.146638467301226483e-02,3.743931041536307447e+01
3.277326698760001022e+01,6.069369908394765117e-02,3.761427225478762892e+01
3.281666499427782213e+01,-2.632921333497468264e-01,3.779062003749339738e+01
3.270463277540768843e+01,3.716000473997660980e-01,3.777935320634183824e+01
3.265939145197875604e+01,-1.295120912817900038e-01,3.756765124527343147e+01
3.253756624783430595e+01,-4.045901804441791594e-01,3.773627590723908298e+01
3.265985183525128832e+01,3.884897438067114878e-02,3.789830813120242681e+01
3.292811837472156355e+01,-2.368968947082322751e-01,3.766568099085417742e+01
3.285046253552518181e+01,3.233406567944406215e-03,3.782962022105945010e+01
3.276597753496825760e+01,9.584309738937835110e-02,3.835705255305168038e+01
3.276865075161451557e+01,-1.588082370106310912e-02,3.824671777778617354e+01
3.275925681419035840e+01,-2.271539065420153103e-01,3.766766490551141544e+01
3.249405670001752355e+01,4.886736568740480680e-01,3.750728473887887304e+01
3.243586934360301655e+01,2.147372189474850424e-01,3.761941008781504792e+01
3.314458462396778771e+01,-1.788064657152602654e-01,3.761704361773943361e+01
3.244068490205585675e+01,2.229885392892789753e-01,3.749219446195355943e+01
3.308700444193330981e+01,-1.747367544681178164e-01,3.786363503255643082e+01
3.275870960767854001e+01,2.589939109539244888e-01,3.777610881996486114e+01
3.232969415110814282e+01,-1.100554739775736340e-01,3.801370719169726442e+01
3.235116381001931529e+01,-2.711187608380289382e-01,3.790444502761273071e+01
3.277162009920707675e+01,-1.022456486757187949e-01,3.780792196732030419e+01
3.275428830840143490e+01,-1.167960560840813483e-01,3.809905588928642572e+01
3.272465480365417534e+01,-3.329966645355009885e-02,3.799415643614711513e+01
3.308689206532242366e+01,2.968014643434395139e-01,3.778193723446828045e+01
3.261554100358974040e+01,2.861061071448995491e-02,3.831361497703581165e+01
3.245448398051625816e+01,-1.888736119881573305e-02,3.808478891903686758e+01
3.301091309117689576e+01,8.560774842386792427e-02,3.779009654132079987e+01
3.298917221819554157e+01,2.777572470512940650e-01,3.787807327117140233e+01
3.264694843437031579e+01,-4.426103299175652706e-01,3.788652703573878000e+01
3.255719372978734327e+01,1.446664158398784372e-01,3.788778792242109716e+01
3.257808187668751287e+01,3.047752491235048433e-01,3.783512425263783996e+01
3.273068853252250676e+01,-2.258243100144185223e-01,3.799427131458853069e+01
3.281957378031020056e+01,7.767923146122500400e-02,3.793974904035367501e+01
3.250989941065972033e+01,-9.464563646250059858e-02,3.776738020511041327e+01
3.272107073876620120e+01,1.362893785704833716e-01,3.786896181315587029e+01
3.281624153126370658e+01,-1.148101513546739283e-01,3.806821037795815954e+01
3.286044631276318029e+01,1.412096777478769050e-01,3.761488592585451585e+01
3.283443258548081189e+01,-1.646481004245760049e-01,3.786092924213980382e+01
3.291674143581136036e+01,4.382058075041896789e-02,3.809319445058157783e+01
3.236266565660197614e+01,2.376180195776335102e-01,3.767966385055856193e+01
3.271507678851338596e+01,-7.867469669352512851e-02,3.805349304375966568e+01
3.279778582884906513e+01,1.704845982628488965e-01,3.797162493346801426e+01
3.257744010681955871e+01,1.006835285256352519e-01,3.773427803811553360e+01
3.267900522534492325e+01,1.306057195975149632e-01,3.811128681295981124e+01
3.322635503397765433e+01,8.876083580754787206e-02,3.794776149053978997e+01
3.271276291863599539e+01,-1.930544409044831766e-01,3.775879818282205491e+01
3.256113467041144816e+01,4.511098747613478260e-02,3.791924742281386784e+01
3.227587985235314960e+01,1.100417880646244184e-01,3.807869706395903364e+01
3.258639020836045574e+01,1.297008001582133085e-01,3.793521427078686514e+01
3.259453249540803199e+01,2.622257083399354705e-01,3.820491724627202501e+01
3.263382897443081987e+01,1.382968229360263812e-01,3.808121619858388840e+01
3.284918778231772762e+01,1.731637169451414326e-01,3.764876263324354966e+01
3.286620411956162258e+01,-4.655599066206919101e-01,3.777717227189347682e+01
3.266520092464980252e+01,-3.217565366209473865e-01,3.804252383913139113e+01
3.252049977053017216e+01,-4.193038230969530454e-03,3.768790082352476389e+01
3.294158868767914328e+01,4.976319216393009781e-01,3.797860204874373125e+01
3.286043802778218748e+01,-2.310571299225229469e-01,3.764833494162972727e+01
3.246031786799247243e+01,4.179213228953287951e-02,3.761728970472520217e+01
3.241933159424158362e+01,-5.208990616663498191e-02,3.795996829456402111e+01
3.292247025985285802e+01,-2.170062420668213976e-01,3.770853857544643972e+01
3.303231658649707470e+01,3.147256489038360305e-01,3.813724375511255715e+01
3.282401275942608265e+01,8.918120090026845914e-02,3.835430201610156331e+01
3.278853984343734851e+01,1.054216006388515314e-01,3.800091717464223251e+01
3.254458198983422790e+01,-1.256891061965065975e-02,3.812975237923574667e+01
3.266381071267417724e+01,4.033099045967580287e-01,3.796973622165755557e+01
3.257067588670416569e+01,-1.022517233902978939e-01,3.811114238714809233e+01
3.233393439122585278e+01,2.917638461360684832e-01,3.777657312431261971e+01
3.263292504437098529e+01,-7.289135973822101489e-02,3.759240758507105795e+01
3.255483578262366251e+01,6.059327518903437348e-02,3.778731417634008238e+01
3.247945990274384087e+01,1.470797134088506486e-01,3.788811727928042927e+01
3.246012433110956863e+01,-2.460258705471187468e-01,3.771740647005768210e+01
3.255744594241132006e+01,6.675026864601515952e-02,3.803602957176162391e+01
3.246131587923776607e+01,-2.465380043936592214e-02,3.777821562325082994e+01
3.245848966989402129e+01,-1.136578529548362831e-01,3.797611344869873307e+01
3.276564109795320689e+01,1.993122991040261471e-01,3.795414441444915354e+01
3.263078434989473209e+01,-8.691135140947328641e-02,3.793623408524086216e+01
3.298922082380428122e+01,-5.527684078153347058e-02,3.761709379309800738e+01
3.256785677123982481e+01,-8.077790556908737499e-03,3.815407637256934237e+01
3.272977270366054370e+01,4.208213916952351363e-01,3.768419114244875345e+01
3.287698924002940970e+01,-2.403351537598558407e-01,3.802376711637796092e+01
3.265651629974296810e+01,-1.150862048116550185e-01,3.803449272143320314e+01
3.262769038972504632e+01,-3.145284770287939957e-01,3.765783851591126563e+01
3.262044099706479017e+01,2.235948710026044450e-01,3.746248682330313073e+01
3.254438432427840411e+01,2.306818233949382568e-01,3.759452659858997237e+01
3.288508590760906003e+01,3.083071240388870690e-02,3.756691191205185021e+01
3.301074932675619777e+01,-1.425968175554019612e-01,3.780980953123128074e+01
3.267084087584691332e+01,-6.230523019910023941e-02,3.777793058596591180e+01
3.238991498733545882e+01,2.756949546991923627e-01,3.796668649685238961e+01
3.296448991442515108e+01,-1.428054128423294870e-02,3.791179553442294292e+01
3.264407917781610990e+01,1.532782116404252104e-02,3.799217785438062123e+01
3.256573883702758820e+01,-3.077843553910073471e-01,3.826834849455636345e+01
3.275893131212288267e+01,-1.107980058692352998e-01,3.820590107387634049e+01
3.284679096365872653e+01,4.758592128799356974e-02,3.828166179981329975e+01
3.274298681200076544e+01,2.423216842217046085e-01,3.784209262291678044e+01
3.269212979178619349e+01,-4.022439435256422446e-01,3.808022836153827484e+01
3.271813554308256755e+01,-1.593626064795639341e-01,3.761974812253203737e+01
3.268328211290166507e+01,-1.409936436012503014e-01,3.770170151041040185e+01
3.281637355453411686e+01,4.570823163266216071e-02,3.772647601351403779e+01
3.244277446186897151e+01,1.324788567580415244e-01,3.777004747633867510e+01
3.267022143186872540e+01,7.676456565766272278e-02,3.780740679965303030e+01
3.271092129838359597e+01,3.019310174441668451e-03,3.779413499855780856e+01
3.285195793703954337e+01,1.075483046079515753e-01,3.794211333940928199e+01
3.226056929076062829e+01,-2.142036675794438683e-01,3.775612456836930164e+01
3.274576499695957921e+01,-9.527446068398902346e-02,3.774785355880111126e+01
3.253413041256373361e+01,-1.660972191284369459e-01,3.766686952039694347e+01
3.263261941924766774e+01,2.423664125169679162e-01,3.786902551082948776e+01
3.222194531553442687e+01,-1.609774118867522974e-01,3.817485760361864067e+01
3.255847197465131870e+01,-2.773850074385154907e-02,3.762429024002783962e+01
3.275746962398690698e+01,1.002347622798163418e-01,3.791918994006013577e+01
3.241775900483141726e+01,-5.780431484800040848e-02,3.776418853982176671e+01
3.250509048810048540e+01,3.321106439346852707e-02,3.802823657409535230e+01
3.263097243776705625e+01,1.251822778426455174e-01,3.792602297731054506e+01
3.267731341516898169e+01,1.623884510750753796e-01,3.793235826578305847e+01
3.290424038626461822e+01,-6.389437481377467642e-02,3.777393414725439413e+01
3.235420243973887011e+01,-7.485859731731257793e-02,3.776043088853734986e+01
3.260124423509134317e+01,-4.585829301633088939e-02,3.742611577562875880e+01
3.281699416377012568e+01,-2.735490191196256193e-02,3.785419229568787358e+01
3.298270329545714219e+01,5.930212308615887690e-02,3.779817948191614363e+01
3.307508566246526271e+01,1.765732152919324838e-02,3.796230450044008364e+01
3.313883894889558945e+01,-1.026114293560919793e-01,3.757655680438215740e+01
3.275130654154942533e+01,-3.714899237415208305e-02,3.798951438104617040e+01
3.257747843846952662e+01,3.652058349750413324e-01,3.800931896448293656e+01
3.259045131365618886e+01,-1.976474249450015444e-02,3.786540180604229988e+01
3.242314454011307845e+01,-1.097192935177547035e-03,3.793500058532861630e+01
3.300382660726013739e+01,4.389517073904313782e-01,3.777591153007991664e+01
3.255927407582664301e+01,-4.599038534929046629e-02,3.773106401622190731e+01
3.256936303351017870e+01,-2.917588862739545208e-01,3.784700404060926360e+01
3.258379660035498659e+01,-4.121304733560149369e-02,3.772175916222140302e+01
3.266960520944000024e+01,1.617776282414582489e-01,3.805037479321220673e+01
3.259683039270921512e+01,1.303316757464748066e-01,3.827832303490082211e+01
3.283035368081316818e+01,-2.317138282780851211e-01,3.825241577961112682e+01
3.248790542589137686e+01,7.708187948727045213e-02,3.770699609162601718e+01
3.267823075031223112e+01,2.729663194597313214e-01,3.784629029714385950e+01
3.278335434337400756e+01,4.648420835117924449e-02,3.777674170328661063e+01
3.272262525995350302e+01,1.226025741580408640e-01,3.809267617041184906e+01
3.252904403192933103e+01,-2.853652390366269789e-02,3.792811706806588745e+01
3.266007699868411862e+01,3.191792129998609617e-01,3.777694736419918797e+01
3.242323137481769635e+01,2.619562205643111708e-01,3.758965883055516599e+01
3.297737430606913023e+01,1.025231492622802887e-01,3.791057601288978418e+01
3.284716475505202737e+01,-6.134197890540708104e-02,3.768978637658606345e+01
3.260339795251829287e+01,1.742686671345399230e-01,3.778811134035006347e+01
3.260465254185653095e+01,-3.599713717636556232e-01,3.819588037906427758e+01
3.286874859416241890e+01,-4.393999768476008344e-02,3.778124449351721381e+01
3.260787739265433061e+01,-6.612180041477630499e-02,3.802899306067187268e+01
3.296597278096490413e+01,-4.347508201525279725e-01,3.768483465766622942e+01
3.236968508377971432e+01,-1.326161533210824250e-01,3.758300229865462683e+01
3.262050405528509600e+01,4.221610315428937499e-01,3.784542517764465686e+01
3.261236380628599818e+01,-1.431472309619607197e-01,3.769179387760988931e+01
3.289416226793717613e+01,2.207043643638202379e-01,3.774938861426866055e+01
3.233611260483006333e+01,-8.932632298038502977e-03,3.788862215249610443e+01
3.285282432893963289e+01,-1.056543524899616060e-01,3.766632624097385929e+01
3.266814417462174447e+01,-3.484218011464943476e-01,3.778149134791146935e+01
3.261042048477762023e+01,-1.370896997601240563e-01,3.763321755437695515e+01
3.272045097992772611e+01,-2.986258703677234505e-02,3.792006805708656714e+01
3.266725734963628014e+01,-4.881857543018921358e-02,3.796821233721923505e+01
3.276676296286808565e+01,4.079053746424105009e-02,3.788162898798063338e+01
3.268040376475619269e+01,-2.218176915463509202e-01,3.839803500509192702e+01
3.308759627956037264e+01,-2.986954056107794103e-02,3.789046942191444600e+01
3.295906009178007423e+01,8.227456630432786189e-02,3.800953609082142037e+01
3.270549334254774720e+01,-9.387353298725892303e-02,3.735597881827918343e+01
3.254550761060486508e+01,-1.733408918634408713e-01,3.818770180394081848e+01
3.269115552648319323e+01,3.819239180731978656e-01,3.773869876493143494e+01
3.248119270407578796e+01,-1.129931184414196266e-01,3.771787698200343186e+01
3.258308781339393789e+01,2.046922455498520199e-01,3.778719503781527322e+01
3.266138640483370637e+01,1.860245680972627200e-02,3.814339271652276864e+01
3.283333739786576899e+01,2.335942753562905705e-01,3.779074701852852058e+01
3.236714013966808778e+01,4.121970009943173863e-02,3.783223084095679667e+01
3.261050493657653249e+01,2.487430660179343056e-01,3.787689268488423977e+01
3.260992717284536013e+01,-1.630825897990779527e-04,3.761568460149570114e+01
3.291006078926313450e+01,1.765626596693601474e-02,3.794059214999347063e+01
3.263714331637507371e+01,2.712386739160880245e-01,3.806981703700049735e+01
3.250676354872690865e+01,1.517040960975034602e-01,3.790106879882988267e+01
3.266254766416057720e+01,1.514789932113328463e-01,3.790530778660642852e+01
3.281248060450450055e+01,3.727820148861864524e-01,3.795974676828079453e+01
3.237348984253191020e+01,1.781016855138298494e-01,3.781098845233051975e+01
3.259900509931625123e+01,1.615532142462487719e-01,3.778384329138106779e+01
3.232253707363490491e+01,-1.577806720537517637e-01,3.788876852210987067e+01
3.249256621672998335e+01,1.162140187192915869e-01,3.755307418568612121e+01
3.289601637337543849e+01,1.960767517401180993e-02,3.762463106235960453e+01
3.288783207867045633e+01,-9.953353031952698327e-02,3.766474146426959635e+01
3.273645699385185281e+01,2.076233493277332975e-01,3.797787767527680103e+01
3.263628587262392955e+01,-4.427979293172645131e-02,3.765930138590516663e+01
3.258647779210216555e+01,-3.632998528172509678e-02,3.788363827001121109e+01
3.303659018981954887e+01,1.357104352248324763e-01,3.772005999333567416e+01
